-- phpMyAdmin SQL Dump
-- version 4.4.12
-- http://www.phpmyadmin.net
--
-- Host: 127.0.0.1
-- Generation Time: Dec 19, 2015 at 12:23 AM
-- Server version: 5.6.25
-- PHP Version: 5.6.11

SET SQL_MODE = "NO_AUTO_VALUE_ON_ZERO";
SET time_zone = "+00:00";


/*!40101 SET @OLD_CHARACTER_SET_CLIENT=@@CHARACTER_SET_CLIENT */;
/*!40101 SET @OLD_CHARACTER_SET_RESULTS=@@CHARACTER_SET_RESULTS */;
/*!40101 SET @OLD_COLLATION_CONNECTION=@@COLLATION_CONNECTION */;
/*!40101 SET NAMES utf8mb4 */;

--
-- Database: `trackingstocks`
--

-- --------------------------------------------------------

--
-- Table structure for table `operaciones`
--

CREATE TABLE IF NOT EXISTS `operaciones` (
  `idaportaciones` int(11) NOT NULL,
  `fecha` datetime NOT NULL,
  `cantidad` double NOT NULL,
  `portafolios` int(11) NOT NULL,
  `tipooperacion` varchar(2) DEFAULT NULL
) ENGINE=InnoDB AUTO_INCREMENT=176 DEFAULT CHARSET=utf8;

--
-- Dumping data for table `operaciones`
--

INSERT INTO `operaciones` (`idaportaciones`, `fecha`, `cantidad`, `portafolios`, `tipooperacion`) VALUES
(2, '2015-08-20 00:00:00', 98.001, 6, NULL),
(55, '2014-09-03 00:00:00', 0.09, 12, 'RT'),
(58, '2014-10-02 00:00:00', 2.71, 12, 'RT'),
(59, '2014-10-02 00:00:00', 0.43, 12, 'RT'),
(60, '2014-11-04 00:00:00', 6.48, 12, 'RT'),
(61, '2014-11-04 00:00:00', 1.04, 12, 'RT'),
(62, '2014-11-05 00:00:00', 0.04, 12, 'RT'),
(97, '2014-12-06 00:00:59', 6.24, 12, 'RT'),
(98, '2014-12-06 00:00:59', 1, 12, 'RT'),
(100, '2014-12-03 00:00:59', 0.03, 12, 'RT'),
(103, '2015-01-08 00:00:00', 1000, 12, 'AP'),
(104, '2015-01-06 00:00:59', 0.04, 12, 'RT'),
(105, '2015-01-06 00:00:59', 6.24, 12, 'RT'),
(106, '2015-01-06 00:00:59', 1, 12, 'RT'),
(107, '2015-02-04 00:00:59', 7.04, 12, 'RT'),
(108, '2015-02-04 00:00:59', 1.13, 12, 'RT'),
(111, '2015-02-05 00:00:59', 0.03, 12, 'RT'),
(117, '2015-02-20 00:00:59', 2500, 12, 'AP'),
(120, '2015-03-03 00:00:59', 7.46, 12, 'RT'),
(121, '2015-03-03 00:00:59', 1.19, 12, 'RT'),
(123, '2015-03-04 00:00:59', 0.03, 12, 'RT'),
(135, '2015-04-06 00:00:59', 11.07, 12, 'RT'),
(136, '2015-04-06 00:00:59', 1.77, 12, 'RT'),
(137, '2015-04-07 00:00:59', 0.04, 12, 'RT'),
(138, '2015-04-09 00:00:59', 0.02, 12, 'RT'),
(139, '2015-05-05 00:00:59', 14.64, 12, 'RT'),
(140, '2015-05-05 00:00:59', 2.34, 12, 'RT'),
(141, '2015-05-06 00:00:59', 0.03, 12, 'RT'),
(142, '2015-05-14 00:00:59', 0.13, 12, 'RT'),
(143, '2015-06-02 00:00:59', 15.72, 12, 'RT'),
(144, '2015-06-02 00:00:59', 2.51, 12, 'RT'),
(145, '2015-06-03 00:00:59', 0.03, 12, 'RT'),
(146, '2015-07-02 00:00:59', 14.94, 12, 'RT'),
(147, '2015-07-02 00:00:59', 2.39, 12, 'RT'),
(148, '2015-07-03 00:00:59', 0.03, 12, 'RT'),
(149, '2015-08-04 00:00:59', 15.52, 12, 'RT'),
(150, '2015-08-04 00:00:59', 2.48, 12, 'RT'),
(151, '2015-08-05 00:00:59', 0.04, 12, 'RT'),
(152, '2015-08-31 00:00:59', 1946, 12, 'AP'),
(153, '2015-03-26 00:00:00', 6253, 12, 'AP'),
(154, '2015-10-02 00:00:00', 14.82, 12, 'RT'),
(155, '2015-10-02 00:00:00', 2.37, 12, 'RT'),
(159, '2015-12-18 10:05:51', 222, 15, 'RT'),
(162, '2015-12-18 16:37:27', 10.25, 15, 'RT'),
(163, '2015-12-18 16:40:42', 10, 15, 'RT'),
(164, '2015-12-18 16:41:12', 10, 15, 'RT'),
(165, '2015-12-18 16:46:55', 22222, 15, 'AP'),
(166, '2015-12-18 16:47:02', 222, 15, 'AP'),
(167, '2015-12-18 16:47:09', 22222, 14, 'AP'),
(168, '2015-12-18 16:47:20', 3232, 6, 'AP'),
(169, '2015-12-18 16:47:27', 23322, 15, 'AP'),
(170, '2015-12-18 16:47:44', 3333, 6, 'AP'),
(171, '2015-12-18 16:47:50', 3333, 6, 'AP'),
(172, '2015-12-18 16:54:08', 222, 6, 'RT'),
(173, '2015-12-18 17:00:48', 15, 6, 'RT'),
(174, '2015-12-18 17:02:08', 2222, 6, 'AP'),
(175, '2015-12-18 17:19:06', 69, 15, 'RT');

-- --------------------------------------------------------

--
-- Table structure for table `portafolios`
--

CREATE TABLE IF NOT EXISTS `portafolios` (
  `idportafolios` int(11) NOT NULL,
  `nombre` varchar(45) NOT NULL,
  `valorinicial` double NOT NULL,
  `fechacreacion` datetime NOT NULL,
  `portafoliospadre` int(11) DEFAULT NULL
) ENGINE=InnoDB AUTO_INCREMENT=16 DEFAULT CHARSET=utf8;

--
-- Dumping data for table `portafolios`
--

INSERT INTO `portafolios` (`idportafolios`, `nombre`, `valorinicial`, `fechacreacion`, `portafoliospadre`) VALUES
(6, 'ENEFIN 1', 5036, '2014-11-19 15:38:00', 15),
(12, 'KUSPIT', 2693.38, '2014-11-27 07:12:51', NULL),
(14, 'ENEFIN 2', 5000, '2014-12-04 07:11:52', 15),
(15, 'CETESDIRECTO', 19288.11, '2014-12-12 07:11:52', NULL);

-- --------------------------------------------------------

--
-- Table structure for table `resultados`
--

CREATE TABLE IF NOT EXISTS `resultados` (
  `idresultados` int(11) NOT NULL,
  `fecha` datetime NOT NULL,
  `portafolios` int(11) NOT NULL,
  `valor` double NOT NULL,
  `profit` double NOT NULL,
  `rendimiento` double NOT NULL
) ENGINE=InnoDB AUTO_INCREMENT=1362 DEFAULT CHARSET=utf8;

--
-- Dumping data for table `resultados`
--

INSERT INTO `resultados` (`idresultados`, `fecha`, `portafolios`, `valor`, `profit`, `rendimiento`) VALUES
(370, '2014-11-27 00:00:00', 12, 7718.45, 36.969999999999, 0.0048128746022901),
(371, '2014-11-28 00:00:00', 12, 7720.85, 39.37, 0.0051253143925389),
(372, '2014-12-01 00:00:00', 12, 7700.45, 18.969999999999, 0.0024695761754244),
(373, '2014-12-02 00:00:00', 12, 7605.77, -75.71, -0.0098561735498888),
(374, '2014-12-03 00:00:00', 12, 7581.91, -99.570000000001, -0.012962345797945),
(375, '2014-12-04 00:00:00', 12, 7551.65, -129.8, -0.016897851317134),
(376, '2014-12-05 00:00:00', 12, 7576.97, -104.48, -0.013601598656504),
(377, '2014-12-08 00:00:00', 12, 7610.24, -63.97, -0.0083357114282773),
(378, '2014-12-09 00:00:00', 12, 7478.29, -195.92, -0.025529663639645),
(379, '2014-12-10 00:00:00', 12, 7455.71, -218.5, -0.02847198604156),
(380, '2014-12-11 00:00:00', 12, 7370.08, -304.13, -0.039630137825262),
(381, '2014-12-12 00:00:00', 12, 7418.47, -255.74, -0.033324602792991),
(382, '2014-12-15 00:00:00', 12, 7366.14, -308.07, -0.040143545720015),
(383, '2014-12-16 00:00:00', 12, 7144.29, -529.92, -0.069052058778689),
(384, '2014-12-17 00:00:00', 12, 7398.16, -276.05, -0.035971129275847),
(385, '2014-12-18 00:00:00', 12, 7417.09, -257.12, -0.033504425862727),
(386, '2014-12-19 00:00:00', 12, 7448.65, -225.56, -0.029391950441804),
(387, '2014-12-20 00:00:00', 12, 7448.65, -225.56, -0.029391950441804),
(388, '2014-12-21 00:00:00', 12, 7448.65, -225.56, -0.029391950441804),
(389, '2014-12-22 00:00:00', 12, 7448.65, -225.56, -0.029391950441804),
(390, '2014-12-23 00:00:00', 12, 7467.04, -207.17, -0.026995612577712),
(391, '2014-12-24 00:00:00', 12, 7498.75, -175.46, -0.022863591170948),
(392, '2014-12-25 00:00:00', 12, 7498.75, -175.46, -0.022863591170948),
(393, '2014-12-26 00:00:00', 12, 7486.89, -187.32, -0.024409027118101),
(394, '2014-12-29 00:00:00', 12, 7515.43, -158.78, -0.020690077545441),
(395, '2014-12-30 00:00:00', 12, 7463.73, -210.48, -0.027426927331934),
(396, '2014-12-31 00:00:00', 12, 7505.83, -168.38, -0.021941020639258),
(397, '2015-01-02 00:00:00', 12, 7454.63, -219.58, -0.028612717139614),
(398, '2015-01-05 00:00:00', 12, 7398.52, -275.69, -0.035924218909829),
(399, '2015-01-06 00:00:00', 12, 7260.27, -413.94, -0.053939102526514),
(400, '2015-01-07 00:00:00', 12, 7340.7, -326.23, -0.042550277620899),
(401, '2015-01-08 00:00:00', 12, 8419.59, -247.34, -0.028538363642028),
(402, '2015-01-09 00:00:00', 12, 8382.57, -284.36, -0.032809772318457),
(403, '2015-01-12 00:00:00', 12, 8378.58, -288.35, -0.033270142945657),
(404, '2015-01-13 00:00:00', 12, 8366.44, -300.49, -0.034670869615885),
(405, '2015-01-14 00:00:00', 12, 8281.36, -385.57, -0.044487494418439),
(406, '2015-01-15 00:00:00', 12, 8235.2, -431.73, -0.049813486436374),
(407, '2015-01-16 00:00:00', 12, 8245.08, -421.85, -0.048673521073783),
(408, '2015-01-19 00:00:00', 12, 8268.15, -398.78, -0.046011678875911),
(409, '2015-01-20 00:00:00', 12, 8270.32, -396.61, -0.045761301868136),
(410, '2015-01-21 00:00:00', 12, 8326.58, -340.35, -0.039269960643504),
(411, '2015-01-22 00:00:00', 12, 8409.99, -256.94, -0.029646022293938),
(412, '2015-01-23 00:00:00', 12, 8499.76, -167.17, -0.019288260087482),
(413, '2015-01-26 00:00:00', 12, 8460.33, -206.6, -0.023837737237984),
(414, '2015-01-27 00:00:00', 12, 8449.24, -217.69, -0.025117313743159),
(415, '2015-01-28 00:00:00', 12, 8487.24, -179.69, -0.020732831579348),
(416, '2015-01-29 00:00:00', 12, 8422.85, -244.08, -0.028162221224817),
(417, '2015-01-30 00:00:00', 12, 8366.24, -300.69, -0.0346939458378),
(418, '2015-02-03 00:00:00', 12, 8361.99, -304.94, -0.035184315553489),
(419, '2015-02-04 00:00:00', 12, 8377.5, -289.43, -0.033394754543997),
(420, '2015-02-05 00:00:00', 12, 8390.53, -268.23, -0.030977876739856),
(421, '2015-02-06 00:00:00', 12, 8500.46, -158.27, -0.018278662113266),
(422, '2015-02-09 00:00:00', 12, 8512.01, -146.72, -0.0169447482483),
(423, '2015-02-10 00:00:00', 12, 8537.79, -120.94, -0.013967406305544),
(424, '2015-02-11 00:00:00', 12, 8434.82, -223.91, -0.02585945051988),
(425, '2015-02-12 00:00:00', 12, 8434.51, -224.22, -0.025895252537035),
(426, '2015-02-13 00:00:00', 12, 8555.94, -102.79, -0.011871255946311),
(427, '2015-02-18 00:00:00', 12, 8592.76, -65.970000000001, -0.0076189002313274),
(428, '2015-02-19 00:00:00', 12, 8564.98, -93.750000000002, -0.010827222929922),
(429, '2015-02-20 00:00:00', 12, 8604.06, -54.670000000002, -0.0063138589608409),
(430, '2015-02-23 00:00:00', 12, 11140.05, -18.680000000002, -0.0016740256283647),
(431, '2015-02-24 00:00:00', 12, 11190.7, 31.969999999999, 0.0028650213778808),
(432, '2015-02-25 00:00:00', 12, 11217.79, 59.059999999999, 0.0052927170027413),
(433, '2015-02-26 00:00:00', 12, 11223.53, 64.799999999999, 0.0058071124581381),
(434, '2015-02-27 00:00:00', 12, 11302.56, 143.83, 0.012889459642809),
(435, '2015-03-02 00:00:00', 12, 11318.48, 159.75, 0.014316145296104),
(436, '2015-03-03 00:00:00', 12, 11245.98, 87.249999999998, 0.0078189901538973),
(437, '2015-03-04 00:00:00', 12, 11163.96, 13.879999999997, 0.0012448341177819),
(438, '2015-03-05 00:00:00', 12, 11171.11, 21.059999999999, 0.0018887807677992),
(439, '2015-03-06 00:00:00', 12, 11116.51, -33.540000000001, -0.0030080582598285),
(440, '2015-03-09 00:00:00', 12, 11127.06, -22.990000000002, -0.0020618741619994),
(441, '2015-03-10 00:00:00', 12, 11100.22, -49.830000000002, -0.004469038255434),
(442, '2015-03-11 00:00:00', 12, 11082.48, -67.570000000002, -0.0060600625109306),
(443, '2015-03-12 00:00:00', 12, 11101.66, -48.390000000001, -0.0043398908525075),
(444, '2015-03-13 00:00:00', 12, 11139.06, -10.990000000002, -0.00098564580427905),
(445, '2015-03-17 00:00:00', 12, 11158.61, 8.5599999999995, 0.00076770956184048),
(446, '2015-03-18 00:00:00', 12, 11119.67, -30.380000000001, -0.0027246514589622),
(447, '2015-03-19 00:00:00', 12, 11204.15, 54.099999999999, 0.0048519961793892),
(448, '2015-03-20 00:00:00', 12, 11191.51, 41.459999999999, 0.0037183689759238),
(449, '2015-03-23 00:00:00', 12, 11192.16, 42.109999999999, 0.0037766646786336),
(450, '2015-03-24 00:00:00', 12, 11206.91, 56.859999999999, 0.0050995287016649),
(451, '2015-03-25 00:00:00', 12, 11164.22, 14.169999999998, 0.0012708463190746),
(452, '2015-03-26 00:00:00', 12, 17253.36, -149.69, -0.0086013658525373),
(453, '2015-03-27 00:00:00', 12, 17144.76, -258.29, -0.01484165131974),
(454, '2015-03-30 00:00:00', 12, 17248.56, -154.49, -0.0088771795748445),
(455, '2015-03-31 00:00:00', 12, 17117.48, -285.57, -0.01640919264152),
(456, '2015-04-01 00:00:00', 12, 17063.26, -339.79, -0.019524738479749),
(457, '2015-04-02 00:00:00', 12, 17115.32, -287.73, -0.016533308816558),
(458, '2015-04-08 00:00:00', 12, 17568.31, 178.14, 0.010243718146516),
(459, '2015-04-09 00:00:00', 12, 17576.55, 186.38, 0.010717549052137),
(460, '2015-04-10 00:00:00', 12, 17600.61, 210.46, 0.012102253287062),
(461, '2015-04-13 00:00:00', 12, 17716.11, 325.96, 0.018743944129292),
(462, '2015-04-14 00:00:00', 12, 18049.14, 658.99, 0.037894440243471),
(463, '2015-04-15 00:00:00', 12, 18308.14, 917.99, 0.052787928798774),
(464, '2015-04-16 00:00:00', 12, 18233.16, 843.01, 0.048476292613922),
(465, '2015-04-17 00:00:00', 12, 18255.65, 865.5, 0.049769553454111),
(466, '2015-04-20 00:00:00', 12, 18234.94, 844.79, 0.048578649407854),
(467, '2015-04-21 00:00:00', 12, 18162.47, 772.32, 0.04441134780321),
(468, '2015-04-22 00:00:00', 12, 18294.76, 904.61, 0.052018527729778),
(469, '2015-04-23 00:00:00', 12, 18420.86, 1030.71, 0.059269759030256),
(470, '2015-04-24 00:00:00', 12, 18599.77, 1209.62, 0.069557766896778),
(471, '2015-04-27 00:00:00', 12, 18817.46, 1427.31, 0.082075772779418),
(472, '2015-04-28 00:00:00', 12, 18720.41, 1330.26, 0.076495027357441),
(473, '2015-04-29 00:00:00', 12, 18513.18, 1123.03, 0.064578511398694),
(474, '2015-04-30 00:00:00', 12, 18352.21, 962.06, 0.055322122005848),
(475, '2015-05-04 00:00:00', 12, 18633.35, 1243.2, 0.071488745065454),
(476, '2015-05-05 00:00:00', 12, 18690.71, 1300.56, 0.07478716399801),
(477, '2015-05-06 00:00:00', 12, 18495.88, 1122.71, 0.06462320923585),
(478, '2015-05-07 00:00:00', 12, 18460.01, 1086.87, 0.062560366174451),
(479, '2015-05-08 00:00:00', 12, 18547.3, 1174.16, 0.067584788932801),
(480, '2015-05-11 00:00:00', 12, 18613.59, 1240.45, 0.071400449199166),
(481, '2015-05-12 00:00:00', 12, 18567.92, 1194.78, 0.068771678579692),
(482, '2015-05-13 00:00:00', 12, 18651.38, 1278.24, 0.073575646083552),
(483, '2015-05-14 00:00:00', 12, 18721.05, 1347.91, 0.077585859551008),
(484, '2015-05-15 00:00:00', 12, 18784.87, 1411.86, 0.081267437248928),
(485, '2015-05-18 00:00:00', 12, 18882.74, 1509.73, 0.086900888216837),
(486, '2015-05-19 00:00:00', 12, 18987.54, 1614.53, 0.092933233791957),
(487, '2015-05-20 00:00:00', 12, 18891.31, 1518.3, 0.087394182125032),
(488, '2015-05-21 00:00:00', 12, 18789.57, 1416.56, 0.081537971831018),
(489, '2015-05-22 00:00:00', 12, 18796.12, 1423.11, 0.081914993429463),
(490, '2015-05-25 00:00:00', 12, 18720.52, 1347.51, 0.077563415896267),
(491, '2015-05-26 00:00:00', 12, 18686.41, 1313.4, 0.075600025556884),
(492, '2015-05-27 00:00:00', 12, 18545.75, 1172.74, 0.067503558680965),
(493, '2015-05-28 00:00:00', 12, 18570.58, 1197.57, 0.068932787122093),
(494, '2015-05-29 00:00:00', 12, 18488.01, 1115, 0.064180012559712),
(495, '2015-06-01 00:00:00', 12, 18385.12, 1012.11, 0.05825760763391),
(496, '2015-06-02 00:00:00', 12, 18476.64, 1103.63, 0.063525549113251),
(497, '2015-06-03 00:00:00', 12, 18490.05, 1135.27, 0.065415407167362),
(498, '2015-06-04 00:00:00', 12, 18415.76, 1061.01, 0.061136576441608),
(499, '2015-06-05 00:00:00', 12, 18480.42, 1125.67, 0.064862357567813),
(500, '2015-06-08 00:00:00', 12, 18544.81, 1190.06, 0.068572580993676),
(501, '2015-06-09 00:00:00', 12, 18470.78, 1116.03, 0.064306890044512),
(502, '2015-06-10 00:00:00', 12, 18477.18, 1122.43, 0.064675665163716),
(503, '2015-06-11 00:00:00', 12, 18431.57, 1076.82, 0.062047566228266),
(504, '2015-06-12 00:00:00', 12, 18196.45, 841.7, 0.048499690286521),
(505, '2015-06-15 00:00:00', 12, 18037.35, 682.6, 0.039332171307567),
(506, '2015-06-16 00:00:00', 12, 18044.87, 690.12, 0.039765482072631),
(507, '2015-06-17 00:00:00', 12, 18108.87, 754.12, 0.043453233264668),
(508, '2015-06-18 00:00:00', 12, 18163.98, 809.23, 0.046628732767686),
(509, '2015-06-19 00:00:00', 12, 18302.5, 947.75, 0.054610409253951),
(510, '2015-06-22 00:00:00', 12, 18352.85, 998.1, 0.057511632262061),
(511, '2015-06-23 00:00:00', 12, 18422.14, 1067.39, 0.061504199138564),
(512, '2015-06-24 00:00:00', 12, 18583.27, 1228.52, 0.070788688975641),
(513, '2015-06-25 00:00:00', 12, 18517.66, 1162.91, 0.067008167792679),
(514, '2015-06-29 00:00:00', 12, 18439.48, 1084.73, 0.062503349227157),
(515, '2015-06-30 00:00:00', 12, 18310.9, 956.15, 0.055094426597906),
(516, '2015-07-01 00:00:00', 12, 18403.73, 1048.98, 0.06044339445973),
(517, '2015-07-02 00:00:00', 12, 18427.91, 1073.16, 0.061836672956971),
(518, '2015-07-03 00:00:00', 12, 18438.38, 1100.96, 0.06350195127072),
(519, '2015-07-06 00:00:00', 12, 18387.8, 1050.41, 0.060586397375845),
(520, '2015-07-07 00:00:00', 12, 18397.56, 1060.17, 0.0611493425481),
(521, '2015-07-08 00:00:00', 12, 18401.38, 1063.99, 0.061369675597077),
(522, '2015-07-09 00:00:00', 12, 18407.14, 1069.75, 0.061701905534801),
(523, '2015-07-10 00:00:00', 12, 18515.35, 1177.96, 0.067943329416942),
(524, '2015-07-14 00:00:00', 12, 18563.54, 1226.15, 0.070722871204951),
(525, '2015-07-15 00:00:00', 12, 18560.8, 1223.41, 0.070564831269297),
(526, '2015-07-16 00:00:00', 12, 18513.45, 1176.06, 0.06783373968054),
(527, '2015-07-17 00:00:00', 12, 18486.03, 1148.64, 0.066252186747832),
(528, '2015-07-20 00:00:00', 12, 18508.52, 1171.13, 0.067549383153981),
(529, '2015-07-21 00:00:00', 12, 18638.47, 1301.08, 0.075044744335797),
(530, '2015-07-22 00:00:00', 12, 18955.46, 1618.07, 0.093328349884267),
(531, '2015-07-23 00:00:00', 12, 18594.79, 1257.4, 0.072525333974722),
(532, '2015-07-24 00:00:00', 12, 18428.1, 1090.71, 0.062910853363742),
(533, '2015-07-27 00:00:00', 12, 18263.91, 926.52, 0.053440569774343),
(534, '2015-07-28 00:00:00', 12, 18066.16, 728.77, 0.042034585367232),
(535, '2015-07-29 00:00:00', 12, 18284.4, 947.01, 0.054622408563227),
(536, '2015-07-30 00:00:00', 12, 18185.08, 847.69, 0.04889374928983),
(537, '2015-07-31 00:00:00', 12, 18163.74, 826.35, 0.047662883513609),
(538, '2015-08-03 00:00:00', 12, 18283.27, 945.88, 0.054557231509472),
(539, '2015-08-04 00:00:00', 12, 18273.79, 936.4, 0.054010436403634),
(540, '2015-08-05 00:00:00', 12, 18316.39, 997, 0.057565537816286),
(541, '2015-08-06 00:00:00', 12, 18271, 951.65, 0.054947212222168),
(542, '2015-08-07 00:00:00', 12, 18138.27, 818.92, 0.047283529693666),
(543, '2015-08-10 00:00:00', 12, 18128.72, 809.37, 0.046732123318716),
(544, '2015-08-11 00:00:00', 12, 18060.15, 740.8, 0.042772967807683),
(545, '2015-08-12 00:00:00', 12, 17940.13, 620.78, 0.035843146538409),
(546, '2015-08-13 00:00:00', 12, 17952.08, 632.73, 0.03653312624319),
(547, '2015-08-14 00:00:00', 12, 17693.99, 374.64, 0.021631296786542),
(548, '2015-08-17 00:00:00', 12, 17641.28, 321.93, 0.01858788003014),
(549, '2015-08-18 00:00:00', 12, 17625.79, 306.44, 0.017693504663859),
(550, '2015-08-19 00:00:00', 12, 17517.12, 197.77, 0.011419019766908),
(551, '2015-08-20 00:00:00', 12, 17379.46, 60.109999999997, 0.0034706845233797),
(552, '2015-08-21 00:00:00', 12, 17051.14, -268.21, -0.015486146997434),
(553, '2015-08-24 00:00:00', 12, 16213.76, -1105.59, -0.063835536553046),
(554, '2015-08-25 00:00:00', 12, 16654.78, -664.57, -0.038371532418942),
(555, '2015-08-26 00:00:00', 12, 16536.89, -782.46, -0.045178369857991),
(556, '2015-08-27 00:00:00', 12, 16847, -472.35, -0.027272963477267),
(557, '2015-08-28 00:00:00', 12, 16757.87, -561.48, -0.032419230513847),
(558, '2015-08-31 15:00:00', 12, 18872.76, -392.59, -0.020378036215278),
(559, '2015-09-01 00:00:00', 12, 18498.42, -766.93, -0.03980877585925),
(560, '2015-09-02 00:00:00', 12, 18355.84, -909.51, -0.047209627647564),
(561, '2015-09-03 00:00:00', 12, 18548.72, -716.63, -0.037197870788748),
(562, '2015-09-04 00:00:00', 12, 18513.08, -752.27, -0.039047824202519),
(563, '2015-09-07 00:00:00', 12, 18473.58, -791.77, -0.041098137329454),
(564, '2015-09-08 00:00:00', 12, 18626.63, -638.72, -0.033153822795849),
(565, '2015-09-09 00:00:00', 12, 19078.95, -186.4, -0.0096754016926763),
(566, '2015-09-10 00:00:00', 12, 19242.62, -22.730000000003, -0.0011798384145631),
(567, '2015-09-11 00:00:00', 12, 19154.34, -111.01, -0.0057621584866095),
(568, '2015-09-14 00:00:00', 12, 19231, -34.350000000002, -0.0017829938205121),
(569, '2015-09-15 00:00:00', 12, 19164.21, -101.14, -0.005249839738183),
(570, '2015-09-16 00:00:00', 12, 19164.21, -101.14, -0.005249839738183),
(571, '2015-09-17 00:00:00', 12, 19173.25, -92.100000000002, -0.0047806035187527),
(572, '2015-09-18 00:00:00', 12, 19179.19, -86.160000000003, -0.0044722779497909),
(573, '2015-09-21 00:00:00', 12, 19411.86, 146.51, 0.0076048449677789),
(574, '2015-09-22 00:00:00', 12, 19298.84, 33.489999999998, 0.0017383540916722),
(575, '2015-09-23 00:00:00', 12, 19238.56, -26.790000000001, -0.001390579460015),
(576, '2015-09-24 00:00:00', 12, 19399.9, 134.55, 0.0069840412969398),
(577, '2015-09-25 00:00:00', 12, 19385.72, 120.37, 0.0062480048377008),
(578, '2015-09-28 00:00:00', 12, 18768.96, -496.39, -0.025765947672895),
(579, '2015-09-29 00:00:00', 12, 18636.28, -629.07, -0.032652923512939),
(580, '2015-09-30 00:00:00', 12, 18709.49, -555.86, -0.028852836828814),
(581, '2015-10-01 00:00:00', 12, 18907.98, -357.37, -0.018549883599312),
(582, '2015-10-02 00:00:00', 12, 19166.42, -81.740000000002, -0.0042466396788057),
(583, '2015-10-05 00:00:00', 12, 19436.41, 188.25, 0.0097801556096791),
(584, '2014-11-19 00:00:00', 6, 5033.48, -2.5200000000004, -0.00050039714058785),
(585, '2014-11-24 00:00:00', 6, 5036.65, 0.64999999999964, 0.00012907069102455),
(586, '2014-11-25 00:00:00', 6, 5038.13, 2.1300000000001, 0.00042295472597302),
(587, '2014-11-26 00:00:00', 6, 5034.57, -1.4300000000003, -0.00028395552025423),
(588, '2014-11-27 00:00:00', 6, 5037.81, 1.8100000000004, 0.00035941223193018),
(589, '2014-11-28 00:00:00', 6, 5039.11, 3.1099999999997, 0.00061755361397928),
(590, '2014-12-01 00:00:00', 6, 5044.03, 8.0299999999997, 0.0015945194598888),
(591, '2014-12-02 00:00:00', 6, 5042.11, 6.1099999999997, 0.0012132644956314),
(592, '2014-12-03 00:00:00', 6, 5036.93, 0.93000000000029, 0.00018467037331221),
(593, '2014-12-04 00:00:00', 6, 5037.6, 1.6000000000004, 0.00031771247021453),
(594, '2014-12-05 00:00:00', 6, 5038.11, 2.1099999999997, 0.00041898332009525),
(595, '2014-12-08 00:00:00', 6, 5039.67, 3.6700000000001, 0.00072875297855442),
(596, '2014-12-09 00:00:00', 6, 5038.77, 2.7700000000004, 0.00055003971405886),
(597, '2014-12-10 00:00:00', 6, 5039.45, 3.4499999999998, 0.00068506751389988),
(598, '2014-12-11 00:00:00', 6, 5037.55, 1.5500000000002, 0.00030778395552029),
(599, '2014-12-12 00:00:00', 6, 5040.47, 4.4700000000003, 0.00088760921366169),
(600, '2014-12-15 00:00:00', 6, 5040.47, 4.4700000000003, 0.00088760921366169),
(601, '2014-12-16 00:00:00', 6, 5038.77, 2.7700000000004, 0.00055003971405886),
(602, '2014-12-17 00:00:00', 6, 5039.75, 3.75, 0.00074463860206513),
(603, '2014-12-18 00:00:00', 6, 5042.41, 6.4099999999999, 0.0012728355837966),
(604, '2014-12-19 00:00:00', 6, 5048.41, 12.41, 0.0024642573471008),
(605, '2014-12-20 00:00:00', 6, 5048.41, 12.41, 0.0024642573471008),
(606, '2014-12-21 00:00:00', 6, 5048.41, 12.41, 0.0024642573471008),
(607, '2014-12-22 00:00:00', 6, 5048.41, 12.41, 0.0024642573471008),
(608, '2014-12-23 00:00:00', 6, 5051.52, 15.52, 0.0030818109610803),
(609, '2014-12-24 00:00:00', 6, 5051.52, 15.52, 0.0030818109610803),
(610, '2014-12-25 00:00:00', 6, 5051.52, 15.52, 0.0030818109610803),
(611, '2014-12-26 00:00:00', 6, 5051.43, 15.43, 0.0030639396346307),
(612, '2014-12-29 00:00:00', 6, 5053.1, 17.1, 0.0033955520254171),
(613, '2014-12-30 00:00:00', 6, 5050.72, 14.72, 0.002922954725973),
(614, '2014-12-31 00:00:00', 6, 5050.82, 14.82, 0.0029428117553613),
(615, '2015-01-02 00:00:00', 6, 5054.91, 18.91, 0.0037549642573471),
(616, '2015-01-05 00:00:00', 6, 5055.31, 19.31, 0.0038343923749008),
(617, '2015-01-06 00:00:00', 6, 5053.31, 17.31, 0.0034372517871327),
(618, '2015-01-07 00:00:00', 6, 5054, 18, 0.0035742652899126),
(619, '2015-01-08 00:00:00', 6, 5055.52, 19.52, 0.0038760921366164),
(620, '2015-01-09 00:00:00', 6, 5055.52, 19.52, 0.0038760921366164),
(621, '2015-01-12 00:00:00', 6, 5058.75, 22.75, 0.0045174741858618),
(622, '2015-01-13 00:00:00', 6, 5058.98, 22.98, 0.004563145353455),
(623, '2015-01-14 00:00:00', 6, 5059.64, 23.64, 0.0046942017474187),
(624, '2015-01-15 00:00:00', 6, 5061.2, 25.2, 0.0050039714058776),
(625, '2015-01-16 00:00:00', 6, 5061.43, 25.43, 0.0050496425734711),
(626, '2015-01-19 00:00:00', 6, 5065.44, 29.44, 0.0058459094519459),
(627, '2015-01-20 00:00:00', 6, 5064.55, 28.55, 0.0056691818903892),
(628, '2015-01-21 00:00:00', 6, 5065.37, 29.37, 0.0058320095313741),
(629, '2015-01-22 00:00:00', 6, 5065.78, 29.78, 0.0059134233518665),
(630, '2015-01-23 00:00:00', 6, 5065.25, 29.25, 0.005808181096108),
(631, '2015-01-26 00:00:00', 6, 5069.57, 33.57, 0.006666004765687),
(632, '2015-01-27 00:00:00', 6, 5068.57, 32.57, 0.006467434471803),
(633, '2015-01-28 00:00:00', 6, 5068.33, 32.33, 0.0064197776012708),
(634, '2015-01-29 00:00:00', 6, 5069.36, 33.36, 0.0066243050039713),
(635, '2015-01-30 00:00:00', 6, 5070.91, 34.91, 0.0069320889594916),
(636, '2015-02-03 00:00:00', 6, 5072.14, 36.14, 0.0071763304209691),
(637, '2015-02-04 00:00:00', 6, 5069.51, 33.51, 0.0066540905480541),
(638, '2015-02-05 00:00:00', 6, 5069.64, 33.64, 0.006679904686259),
(639, '2015-02-06 00:00:00', 6, 5072.06, 36.06, 0.0071604447974584),
(640, '2015-02-09 00:00:00', 6, 5069.33, 33.33, 0.0066183478951549),
(641, '2015-02-10 00:00:00', 6, 5067.81, 31.81, 0.0063165210484512),
(642, '2015-02-11 00:00:00', 6, 5068.72, 32.72, 0.0064972200158857),
(643, '2015-02-12 00:00:00', 6, 5074.01, 38.01, 0.0075476568705322),
(644, '2015-02-13 00:00:00', 6, 5077, 41, 0.0081413820492454),
(645, '2015-02-18 00:00:00', 6, 5077.77, 41.77, 0.0082942811755362),
(646, '2015-02-19 00:00:00', 6, 5079.1, 43.1, 0.008558379666402),
(647, '2015-02-20 00:00:00', 6, 5079.17, 43.17, 0.0085722795869738),
(648, '2015-02-23 00:00:00', 6, 5081.21, 45.21, 0.0089773629864972),
(649, '2015-02-24 00:00:00', 6, 5082.16, 46.16, 0.009166004765687),
(650, '2015-02-25 00:00:00', 6, 5083.37, 47.37, 0.0094062748212867),
(651, '2015-02-26 00:00:00', 6, 5083.18, 47.18, 0.0093685464654488),
(652, '2015-02-27 00:00:00', 6, 5083.38, 47.38, 0.0094082605242256),
(653, '2015-03-02 00:00:00', 6, 5085.17, 49.17, 0.009763701350278),
(654, '2015-03-03 00:00:00', 6, 5083.56, 47.56, 0.0094440031771248),
(655, '2015-03-04 00:00:00', 6, 5081.69, 45.69, 0.0090726767275615),
(656, '2015-03-05 00:00:00', 6, 5082.29, 46.29, 0.009191818903892),
(657, '2015-03-06 00:00:00', 6, 5080.79, 44.79, 0.0088939634630659),
(658, '2015-03-09 00:00:00', 6, 5080.06, 44.06, 0.0087490071485307),
(659, '2015-03-10 00:00:00', 6, 5078.99, 42.99, 0.0085365369340746),
(660, '2015-03-11 00:00:00', 6, 5080.01, 44.01, 0.0087390786338364),
(661, '2015-03-12 00:00:00', 6, 5082.25, 46.25, 0.0091838760921366),
(662, '2015-03-13 00:00:00', 6, 5082.38, 46.38, 0.0092096902303416),
(663, '2015-03-17 00:00:00', 6, 5082.18, 46.18, 0.0091699761715648),
(664, '2015-03-18 00:00:00', 6, 5084.09, 48.09, 0.0095492454328833),
(665, '2015-03-19 00:00:00', 6, 5088.68, 52.68, 0.010460683081811),
(666, '2015-03-20 00:00:00', 6, 5087.84, 51.84, 0.010293884034948),
(667, '2015-03-23 00:00:00', 6, 5092.13, 56.13, 0.011145750595711),
(668, '2015-03-24 00:00:00', 6, 5093.14, 57.14, 0.011346306592534),
(669, '2015-03-25 00:00:00', 6, 5092.09, 56.09, 0.011137807783956),
(670, '2015-03-26 00:00:00', 6, 5089.97, 53.97, 0.010716838760921),
(671, '2015-03-27 00:00:00', 6, 5089.85, 53.85, 0.010693010325655),
(672, '2015-03-30 00:00:00', 6, 5090.16, 54.16, 0.010754567116759),
(673, '2015-03-31 00:00:00', 6, 5089.7, 53.7, 0.010663224781573),
(674, '2015-04-01 00:00:00', 6, 5090.6, 54.6, 0.010841938046068),
(675, '2015-04-02 00:00:00', 6, 5093.14, 57.14, 0.011346306592534),
(676, '2015-04-08 00:00:00', 6, 5098.71, 62.71, 0.012452343129468),
(677, '2015-04-09 00:00:00', 6, 5098.16, 62.16, 0.012343129467832),
(678, '2015-04-10 00:00:00', 6, 5099, 63, 0.012509928514694),
(679, '2015-04-13 00:00:00', 6, 5099.56, 63.56, 0.012621127879269),
(680, '2015-04-14 00:00:00', 6, 5100.43, 64.43, 0.012793884034948),
(681, '2015-04-15 00:00:00', 6, 5102.95, 66.95, 0.013294281175536),
(682, '2015-04-16 00:00:00', 6, 5105.02, 69.02, 0.013705321683876),
(683, '2015-04-17 00:00:00', 6, 5106.01, 70.01, 0.013901906274821),
(684, '2015-04-20 00:00:00', 6, 5105.65, 69.65, 0.013830420969023),
(685, '2015-04-21 00:00:00', 6, 5104.81, 68.81, 0.013663621922161),
(686, '2015-04-22 00:00:00', 6, 5105.41, 69.41, 0.013782764098491),
(687, '2015-04-23 00:00:00', 6, 5106.75, 70.75, 0.014048848292295),
(688, '2015-04-24 00:00:00', 6, 5107.47, 71.47, 0.014191818903892),
(689, '2015-04-27 00:00:00', 6, 5109.41, 73.41, 0.014577045274027),
(690, '2015-04-28 00:00:00', 6, 5108.76, 72.76, 0.014447974583002),
(691, '2015-04-29 00:00:00', 6, 5107.99, 71.99, 0.014295075456712),
(692, '2015-04-30 00:00:00', 6, 5108.02, 72.02, 0.014301032565528),
(693, '2015-05-04 00:00:00', 6, 5107.59, 71.59, 0.014215647339158),
(694, '2015-05-05 00:00:00', 6, 5108.45, 72.45, 0.014386417791898),
(695, '2015-05-06 00:00:00', 6, 5108.43, 72.43, 0.014382446386021),
(696, '2015-05-07 00:00:00', 6, 5109.39, 73.39, 0.014573073868149),
(697, '2015-05-08 00:00:00', 6, 5111.17, 75.17, 0.014926528991263),
(698, '2015-05-11 00:00:00', 6, 5113.93, 77.93, 0.015474583002383),
(699, '2015-05-12 00:00:00', 6, 5113.21, 77.21, 0.015331612390786),
(700, '2015-05-13 00:00:00', 6, 5113.21, 77.21, 0.015331612390786),
(701, '2015-05-14 00:00:00', 6, 5113.61, 77.61, 0.01541104050834),
(702, '2015-05-15 00:00:00', 6, 5116.06, 80.06, 0.015897537728356),
(703, '2015-05-18 00:00:00', 6, 5118.92, 82.92, 0.016465448768864),
(704, '2015-05-19 00:00:00', 6, 5118.58, 82.58, 0.016397934868944),
(705, '2015-05-20 00:00:00', 6, 5119.36, 83.36, 0.016552819698173),
(706, '2015-05-21 00:00:00', 6, 5120.26, 84.26, 0.016731532962669),
(707, '2015-05-22 00:00:00', 6, 5120.89, 84.89, 0.016856632247816),
(708, '2015-05-25 00:00:00', 6, 5121.11, 85.11, 0.01690031771247),
(709, '2015-05-26 00:00:00', 6, 5121.65, 85.65, 0.017007545671168),
(710, '2015-05-27 00:00:00', 6, 5120.59, 84.59, 0.016797061159651),
(711, '2015-05-28 00:00:00', 6, 5120.93, 84.93, 0.016864575059571),
(712, '2015-05-29 00:00:00', 6, 5121.74, 85.74, 0.017025416997617),
(713, '2015-06-01 00:00:00', 6, 5122.02, 86.02, 0.017081016679905),
(714, '2015-06-02 00:00:00', 6, 5120.61, 84.61, 0.016801032565528),
(715, '2015-06-03 00:00:00', 6, 5121.26, 85.26, 0.016930103256553),
(716, '2015-06-04 00:00:00', 6, 5121.31, 85.31, 0.016940031771247),
(717, '2015-06-05 00:00:00', 6, 5121.63, 85.63, 0.01700357426529),
(718, '2015-06-08 00:00:00', 6, 5121.2, 85.2, 0.01691818903892),
(719, '2015-06-09 00:00:00', 6, 5122.32, 86.32, 0.01714058776807),
(720, '2015-06-10 00:00:00', 6, 5122.9, 86.9, 0.017255758538523),
(721, '2015-06-11 00:00:00', 6, 5123.26, 87.26, 0.017327243844321),
(722, '2015-06-12 00:00:00', 6, 5125.19, 89.19, 0.017710484511517),
(723, '2015-06-15 00:00:00', 6, 5125.4, 89.4, 0.017752184273233),
(724, '2015-06-16 00:00:00', 6, 5124.3, 88.3, 0.01753375694996),
(725, '2015-06-17 00:00:00', 6, 5125.96, 89.96, 0.017863383637808),
(726, '2015-06-18 00:00:00', 6, 5127.6, 91.6, 0.018189038919778),
(727, '2015-06-19 00:00:00', 6, 5128.95, 92.95, 0.018457108816521),
(728, '2015-06-22 00:00:00', 6, 5130.69, 94.69, 0.018802621127879),
(729, '2015-06-23 00:00:00', 6, 5130.77, 94.77, 0.01881850675139),
(730, '2015-06-24 00:00:00', 6, 5131.56, 95.56, 0.018975377283558),
(731, '2015-06-25 00:00:00', 6, 5132.17, 96.17, 0.019096505162828),
(732, '2015-06-29 00:00:00', 6, 5133.15, 97.15, 0.019291104050834),
(733, '2015-06-30 00:00:00', 6, 5131.57, 95.57, 0.018977362986497),
(734, '2015-07-01 00:00:00', 6, 5132.2, 96.2, 0.019102462271644),
(735, '2015-07-02 00:00:00', 6, 5131.58, 95.58, 0.018979348689436),
(736, '2015-07-03 00:00:00', 6, 5133.44, 97.44, 0.01934868943606),
(737, '2015-07-06 00:00:00', 6, 5135.15, 99.15, 0.019688244638602),
(738, '2015-07-07 00:00:00', 6, 5133.78, 97.78, 0.019416203335981),
(739, '2015-07-08 00:00:00', 6, 5135.35, 99.35, 0.019727958697379),
(740, '2015-07-09 00:00:00', 6, 5134.77, 98.77, 0.019612787926926),
(741, '2015-07-10 00:00:00', 6, 5135.34, 99.34, 0.01972597299444),
(742, '2015-07-14 00:00:00', 6, 5137.29, 101.29, 0.020113185067514),
(743, '2015-07-15 00:00:00', 6, 5137.2, 101.2, 0.020095313741064),
(744, '2015-07-16 00:00:00', 6, 5136.8, 100.8, 0.020015885623511),
(745, '2015-07-17 00:00:00', 6, 5135.55, 99.55, 0.019767672756156),
(746, '2015-07-20 00:00:00', 6, 5136.76, 100.76, 0.020007942811755),
(747, '2015-07-21 00:00:00', 6, 5137.59, 101.59, 0.020172756155679),
(748, '2015-07-22 00:00:00', 6, 5139.38, 103.38, 0.020528196981732),
(749, '2015-07-23 00:00:00', 6, 5138.96, 102.96, 0.0204447974583),
(750, '2015-07-24 00:00:00', 6, 5140.1, 104.1, 0.020671167593328),
(751, '2015-07-27 00:00:00', 6, 5139.16, 103.16, 0.020484511517077),
(752, '2015-07-28 00:00:00', 6, 5137.45, 101.45, 0.020144956314535),
(753, '2015-07-29 00:00:00', 6, 5138.89, 102.89, 0.020430897537728),
(754, '2015-07-30 00:00:00', 6, 5137.94, 101.94, 0.020242255758538),
(755, '2015-07-31 00:00:00', 6, 5139.15, 103.15, 0.020482525814138),
(756, '2015-08-03 00:00:00', 6, 5142.99, 106.99, 0.021245035742653),
(757, '2015-08-04 00:00:00', 6, 5142.99, 106.99, 0.021245035742653),
(758, '2015-08-05 00:00:00', 6, 5143.24, 107.24, 0.021294678316124),
(759, '2015-08-06 00:00:00', 6, 5142.01, 106.01, 0.021050436854647),
(760, '2015-08-07 00:00:00', 6, 5141.98, 105.98, 0.02104447974583),
(761, '2015-08-10 00:00:00', 6, 5143.61, 107.61, 0.021368149324861),
(762, '2015-08-11 00:00:00', 6, 5143.58, 107.58, 0.021362192216044),
(763, '2015-08-12 00:00:00', 6, 5142.64, 106.64, 0.021175536139794),
(764, '2015-08-13 00:00:00', 6, 5141.75, 105.75, 0.020998808578237),
(765, '2015-08-14 00:00:00', 6, 5138.23, 102.23, 0.020299841143765),
(766, '2015-08-17 00:00:00', 6, 5137.34, 101.34, 0.020123113582208),
(767, '2015-08-18 00:00:00', 6, 5139.88, 103.88, 0.020627482128674),
(768, '2015-08-19 00:00:00', 6, 5141.17, 105.17, 0.020883637807784),
(769, '2015-08-20 00:00:00', 6, 5140.83, 104.83, 0.020816123907863),
(770, '2015-08-21 00:00:00', 6, 5139.5, 103.5, 0.020552025416998),
(771, '2015-08-24 00:00:00', 6, 5139.73, 103.73, 0.020597696584591),
(772, '2015-08-25 00:00:00', 6, 5139.13, 103.13, 0.020478554408261),
(773, '2015-08-26 00:00:00', 6, 5139.77, 103.77, 0.020605639396346),
(774, '2015-08-27 00:00:00', 6, 5141.7, 105.7, 0.020988880063542),
(775, '2015-08-28 00:00:00', 6, 5148.22, 112.22, 0.022283558379666),
(776, '2015-08-31 00:00:00', 6, 5148.22, 112.22, 0.022283558379666),
(777, '2015-09-01 00:00:00', 6, 5150.44, 114.44, 0.022724384432089),
(778, '2015-09-02 00:00:00', 6, 5149.03, 113.03, 0.022444400317712),
(779, '2015-09-03 00:00:00', 6, 5149.17, 113.17, 0.022472200158856),
(780, '2015-09-04 00:00:00', 6, 5150.09, 114.09, 0.02265488482923),
(781, '2015-09-07 00:00:00', 6, 5149.85, 113.85, 0.022607227958697),
(782, '2015-09-08 00:00:00', 6, 5150.03, 114.03, 0.022642970611596),
(783, '2015-09-09 00:00:00', 6, 5150.58, 114.58, 0.022752184273233),
(784, '2015-09-10 00:00:00', 6, 5150.99, 114.99, 0.022833598093725),
(785, '2015-09-11 00:00:00', 6, 5151.77, 115.77, 0.022988482922955),
(786, '2015-09-14 00:00:00', 6, 5153.17, 117.17, 0.023266481334392),
(787, '2015-09-15 00:00:00', 6, 5152.99, 116.99, 0.023230738681493),
(788, '2015-09-16 00:00:00', 6, 5152.99, 116.99, 0.023230738681493),
(789, '2015-09-17 00:00:00', 6, 5154.16, 118.16, 0.023463065925338),
(790, '2015-09-18 00:00:00', 6, 5156.86, 120.86, 0.023999205718824),
(791, '2015-09-21 00:00:00', 6, 5156.86, 120.86, 0.023999205718824),
(792, '2015-09-22 00:00:00', 6, 5156.75, 120.75, 0.023977362986497),
(793, '2015-09-23 00:00:00', 6, 5156.87, 120.87, 0.024001191421763),
(794, '2015-09-24 00:00:00', 6, 5156.51, 120.51, 0.023929706115965),
(795, '2015-09-25 00:00:00', 6, 5156.8, 120.8, 0.023987291501191),
(796, '2015-09-28 00:00:00', 6, 5156.57, 120.57, 0.023941620333598),
(797, '2015-09-29 00:00:00', 6, 5156.41, 120.41, 0.023909849086577),
(798, '2015-09-30 00:00:00', 6, 5157.67, 121.67, 0.024160047656871),
(799, '2015-10-01 00:00:00', 6, 5158.43, 122.43, 0.024310961080222),
(800, '2015-10-02 00:00:00', 6, 5158.74, 122.74, 0.024372517871326),
(801, '2015-10-05 00:00:00', 6, 5159.53, 123.53, 0.024529388403495),
(802, '2014-12-04 00:00:00', 14, 4987.12, -12.88, -0.002576),
(803, '2014-12-05 00:00:00', 14, 4987.63, -12.37, -0.002474),
(804, '2014-12-08 00:00:00', 14, 4989.17, -10.83, -0.002166),
(805, '2014-12-09 00:00:00', 14, 4988.28, -11.72, -0.0023440000000001),
(806, '2014-12-10 00:00:00', 14, 4988.96, -11.04, -0.002208),
(807, '2014-12-11 00:00:00', 14, 4987.07, -12.93, -0.0025860000000001),
(808, '2014-12-12 00:00:00', 14, 4989.96, -10.04, -0.002008),
(809, '2014-12-15 00:00:00', 14, 4989.96, -10.04, -0.002008),
(810, '2014-12-16 00:00:00', 14, 4988.28, -11.72, -0.0023440000000001),
(811, '2014-12-17 00:00:00', 14, 4989.25, -10.75, -0.00215),
(812, '2014-12-18 00:00:00', 14, 4991.89, -8.1099999999997, -0.0016219999999999),
(813, '2014-12-19 00:00:00', 14, 4997.82, -2.1800000000003, -0.00043600000000006),
(814, '2014-12-20 00:00:00', 14, 4997.82, -2.1800000000003, -0.00043600000000006),
(815, '2014-12-21 00:00:00', 14, 4997.82, -2.1800000000003, -0.00043600000000006),
(816, '2014-12-22 00:00:00', 14, 4997.82, -2.1800000000003, -0.00043600000000006),
(817, '2014-12-23 00:00:00', 14, 5000.91, 0.90999999999985, 0.00018199999999997),
(818, '2014-12-24 00:00:00', 14, 5000.91, 0.90999999999985, 0.00018199999999997),
(819, '2014-12-25 00:00:00', 14, 5000.91, 0.90999999999985, 0.00018199999999997),
(820, '2014-12-26 00:00:00', 14, 5000.82, 0.81999999999971, 0.00016399999999994),
(821, '2014-12-29 00:00:00', 14, 5002.47, 2.4700000000003, 0.00049400000000005),
(822, '2014-12-30 00:00:00', 14, 5000.11, 0.10999999999967, 0.000021999999999935),
(823, '2014-12-31 00:00:00', 14, 5000.21, 0.21000000000004, 0.000042000000000007),
(824, '2015-01-02 00:00:00', 14, 5004.26, 4.2600000000002, 0.00085200000000004),
(825, '2015-01-05 00:00:00', 14, 5004.66, 4.6599999999999, 0.00093199999999997),
(826, '2015-01-06 00:00:00', 14, 5002.67, 2.6700000000001, 0.00053400000000001),
(827, '2015-01-07 00:00:00', 14, 5003.36, 3.3599999999997, 0.00067199999999993),
(828, '2015-01-08 00:00:00', 14, 5004.86, 4.8599999999997, 0.00097199999999993),
(829, '2015-01-09 00:00:00', 14, 5004.86, 4.8599999999997, 0.00097199999999993),
(830, '2015-01-12 00:00:00', 14, 5008.06, 8.0600000000004, 0.0016120000000001),
(831, '2015-01-13 00:00:00', 14, 5008.29, 8.29, 0.001658),
(832, '2015-01-14 00:00:00', 14, 5008.94, 8.9399999999996, 0.0017879999999999),
(833, '2015-01-15 00:00:00', 14, 5010.48, 10.48, 0.0020959999999999),
(834, '2015-01-16 00:00:00', 14, 5010.72, 10.72, 0.0021440000000001),
(835, '2015-01-19 00:00:00', 14, 5014.68, 14.68, 0.0029360000000001),
(836, '2015-01-20 00:00:00', 14, 5013.8, 13.8, 0.00276),
(837, '2015-01-21 00:00:00', 14, 5014.61, 14.61, 0.0029219999999999),
(838, '2015-01-22 00:00:00', 14, 5015.02, 15.02, 0.0030040000000001),
(839, '2015-01-23 00:00:00', 14, 5014.5, 14.5, 0.0029),
(840, '2015-01-26 00:00:00', 14, 5018.77, 18.77, 0.0037540000000001),
(841, '2015-01-27 00:00:00', 14, 5017.79, 17.79, 0.003558),
(842, '2015-01-28 00:00:00', 14, 5017.55, 17.55, 0.00351),
(843, '2015-01-29 00:00:00', 14, 5018.56, 18.56, 0.0037120000000001),
(844, '2015-01-30 00:00:00', 14, 5020.1, 20.1, 0.0040200000000001),
(845, '2015-02-03 00:00:00', 14, 5021.32, 21.32, 0.0042639999999999),
(846, '2015-02-04 00:00:00', 14, 5018.71, 18.71, 0.003742),
(847, '2015-02-05 00:00:00', 14, 5018.84, 18.84, 0.003768),
(848, '2015-02-06 00:00:00', 14, 5021.24, 21.24, 0.004248),
(849, '2015-02-09 00:00:00', 14, 5018.54, 18.54, 0.003708),
(850, '2015-02-10 00:00:00', 14, 5017.03, 17.03, 0.0034059999999999),
(851, '2015-02-11 00:00:00', 14, 5017.93, 17.93, 0.0035860000000001),
(852, '2015-02-12 00:00:00', 14, 5023.17, 23.17, 0.004634),
(853, '2015-02-13 00:00:00', 14, 5026.13, 26.13, 0.005226),
(854, '2015-02-18 00:00:00', 14, 5026.89, 26.89, 0.0053780000000001),
(855, '2015-02-19 00:00:00', 14, 5028.21, 28.21, 0.005642),
(856, '2015-02-20 00:00:00', 14, 5028.28, 28.28, 0.0056559999999999),
(857, '2015-02-23 00:00:00', 14, 5030.29, 30.29, 0.006058),
(858, '2015-02-24 00:00:00', 14, 5031.23, 31.23, 0.0062459999999999),
(859, '2015-02-25 00:00:00', 14, 5032.43, 32.43, 0.0064860000000001),
(860, '2015-02-26 00:00:00', 14, 5032.25, 32.25, 0.00645),
(861, '2015-02-27 00:00:00', 14, 5032.44, 32.44, 0.0064879999999999),
(862, '2015-03-02 00:00:00', 14, 5034.22, 34.22, 0.0068440000000001),
(863, '2015-03-03 00:00:00', 14, 5032.63, 32.63, 0.006526),
(864, '2015-03-04 00:00:00', 14, 5030.77, 30.77, 0.0061540000000001),
(865, '2015-03-05 00:00:00', 14, 5031.37, 31.37, 0.006274),
(866, '2015-03-06 00:00:00', 14, 5029.88, 29.88, 0.005976),
(867, '2015-03-09 00:00:00', 14, 5029.16, 29.16, 0.005832),
(868, '2015-03-10 00:00:00', 14, 5028.1, 28.1, 0.0056200000000001),
(869, '2015-03-11 00:00:00', 14, 5029.1, 29.1, 0.0058200000000001),
(870, '2015-03-12 00:00:00', 14, 5031.32, 31.32, 0.0062639999999999),
(871, '2015-03-13 00:00:00', 14, 5031.46, 31.46, 0.006292),
(872, '2015-03-17 00:00:00', 14, 5031.26, 31.26, 0.006252),
(873, '2015-03-18 00:00:00', 14, 5033.15, 33.15, 0.0066299999999999),
(874, '2015-03-19 00:00:00', 14, 5037.69, 37.69, 0.0075379999999999),
(875, '2015-03-20 00:00:00', 14, 5036.86, 36.86, 0.0073719999999999),
(876, '2015-03-23 00:00:00', 14, 5041.1, 41.1, 0.0082200000000001),
(877, '2015-03-24 00:00:00', 14, 5042.11, 42.11, 0.0084219999999999),
(878, '2015-03-25 00:00:00', 14, 5041.07, 41.07, 0.0082139999999999),
(879, '2015-03-26 00:00:00', 14, 5038.97, 38.97, 0.0077940000000001),
(880, '2015-03-27 00:00:00', 14, 5038.85, 38.85, 0.0077700000000001),
(881, '2015-03-30 00:00:00', 14, 5039.16, 39.16, 0.007832),
(882, '2015-03-31 00:00:00', 14, 5038.7, 38.7, 0.00774),
(883, '2015-04-01 00:00:00', 14, 5039.59, 39.59, 0.007918),
(884, '2015-04-02 00:00:00', 14, 5042.11, 42.11, 0.0084219999999999),
(885, '2015-04-08 00:00:00', 14, 5047.62, 47.62, 0.009524),
(886, '2015-04-09 00:00:00', 14, 5047.07, 47.07, 0.0094139999999999),
(887, '2015-04-10 00:00:00', 14, 5047.91, 47.91, 0.009582),
(888, '2015-04-13 00:00:00', 14, 5048.46, 48.46, 0.009692),
(889, '2015-04-14 00:00:00', 14, 5049.33, 49.33, 0.009866),
(890, '2015-04-15 00:00:00', 14, 5051.82, 51.82, 0.010364),
(891, '2015-04-16 00:00:00', 14, 5053.87, 53.87, 0.010774),
(892, '2015-04-17 00:00:00', 14, 5054.85, 54.85, 0.01097),
(893, '2015-04-20 00:00:00', 14, 5054.5, 54.5, 0.0109),
(894, '2015-04-21 00:00:00', 14, 5053.66, 53.66, 0.010732),
(895, '2015-04-22 00:00:00', 14, 5054.25, 54.25, 0.01085),
(896, '2015-04-23 00:00:00', 14, 5055.58, 55.58, 0.011116),
(897, '2015-04-24 00:00:00', 14, 5056.29, 56.29, 0.011258),
(898, '2015-04-27 00:00:00', 14, 5058.21, 58.21, 0.011642),
(899, '2015-04-28 00:00:00', 14, 5057.57, 57.57, 0.011514),
(900, '2015-04-29 00:00:00', 14, 5056.81, 56.81, 0.011362),
(901, '2015-04-30 00:00:00', 14, 5056.84, 56.84, 0.011368),
(902, '2015-05-04 00:00:00', 14, 5056.41, 56.41, 0.011282),
(903, '2015-05-05 00:00:00', 14, 5057.27, 57.27, 0.011454),
(904, '2015-05-06 00:00:00', 14, 5057.25, 57.25, 0.01145),
(905, '2015-05-07 00:00:00', 14, 5058.2, 58.2, 0.01164),
(906, '2015-05-08 00:00:00', 14, 5059.96, 59.96, 0.011992),
(907, '2015-05-11 00:00:00', 14, 5062.69, 62.69, 0.012538),
(908, '2015-05-12 00:00:00', 14, 5061.98, 61.98, 0.012396),
(909, '2015-05-13 00:00:00', 14, 5061.98, 61.98, 0.012396),
(910, '2015-05-14 00:00:00', 14, 5062.37, 62.37, 0.012474),
(911, '2015-05-15 00:00:00', 14, 5064.8, 64.8, 0.01296),
(912, '2015-05-18 00:00:00', 14, 5067.63, 67.63, 0.013526),
(913, '2015-05-19 00:00:00', 14, 5067.29, 67.29, 0.013458),
(914, '2015-05-20 00:00:00', 14, 5068.07, 68.07, 0.013614),
(915, '2015-05-21 00:00:00', 14, 5068.96, 68.96, 0.013792),
(916, '2015-05-22 00:00:00', 14, 5069.58, 69.58, 0.013916),
(917, '2015-05-25 00:00:00', 14, 5069.79, 69.79, 0.013958),
(918, '2015-05-26 00:00:00', 14, 5070.33, 70.33, 0.014066),
(919, '2015-05-27 00:00:00', 14, 5069.28, 69.28, 0.013856),
(920, '2015-05-28 00:00:00', 14, 5069.61, 69.61, 0.013922),
(921, '2015-05-29 00:00:00', 14, 5070.42, 70.42, 0.014084),
(922, '2015-06-01 00:00:00', 14, 5070.7, 70.7, 0.01414),
(923, '2015-06-02 00:00:00', 14, 5069.3, 69.3, 0.01386),
(924, '2015-06-03 00:00:00', 14, 5069.94, 69.94, 0.013988),
(925, '2015-06-04 00:00:00', 14, 5069.99, 69.99, 0.013998),
(926, '2015-06-05 00:00:00', 14, 5070.31, 70.31, 0.014062),
(927, '2015-06-08 00:00:00', 14, 5069.79, 69.79, 0.013958),
(928, '2015-06-09 00:00:00', 14, 5070.99, 70.99, 0.014198),
(929, '2015-06-10 00:00:00', 14, 5071.57, 71.57, 0.014314),
(930, '2015-06-11 00:00:00', 14, 5071.92, 71.92, 0.014384),
(931, '2015-06-12 00:00:00', 14, 5073.84, 73.84, 0.014768),
(932, '2015-06-15 00:00:00', 14, 5074.04, 74.04, 0.014808),
(933, '2015-06-16 00:00:00', 14, 5072.95, 72.95, 0.01459),
(934, '2015-06-17 00:00:00', 14, 5074.6, 74.6, 0.01492),
(935, '2015-06-18 00:00:00', 14, 5076.22, 76.22, 0.015244),
(936, '2015-06-19 00:00:00', 14, 5077.56, 77.56, 0.015512),
(937, '2015-06-22 00:00:00', 14, 5079.28, 79.28, 0.015856),
(938, '2015-06-23 00:00:00', 14, 5079.36, 79.36, 0.015872),
(939, '2015-06-24 00:00:00', 14, 5080.14, 80.14, 0.016028),
(940, '2015-06-25 00:00:00', 14, 5080.75, 80.75, 0.01615),
(941, '2015-06-29 00:00:00', 14, 5081.72, 81.72, 0.016344),
(942, '2015-06-30 00:00:00', 14, 5080.15, 80.15, 0.01603),
(943, '2015-07-01 00:00:00', 14, 5080.78, 80.78, 0.016156),
(944, '2015-07-02 00:00:00', 14, 5080.16, 80.16, 0.016032),
(945, '2015-07-03 00:00:00', 14, 5082.01, 82.01, 0.016402),
(946, '2015-07-06 00:00:00', 14, 5083.7, 83.7, 0.01674),
(947, '2015-07-07 00:00:00', 14, 5082.34, 82.34, 0.016468),
(948, '2015-07-08 00:00:00', 14, 5083.89, 83.89, 0.016778),
(949, '2015-07-09 00:00:00', 14, 5083.32, 83.32, 0.016664),
(950, '2015-07-10 00:00:00', 14, 5083.88, 83.88, 0.016776),
(951, '2015-07-14 00:00:00', 14, 5085.82, 85.82, 0.017164),
(952, '2015-07-15 00:00:00', 14, 5085.73, 85.73, 0.017146),
(953, '2015-07-16 00:00:00', 14, 5085.33, 85.33, 0.017066),
(954, '2015-07-17 00:00:00', 14, 5084.09, 84.09, 0.016818),
(955, '2015-07-20 00:00:00', 14, 5085.29, 85.29, 0.017058),
(956, '2015-07-21 00:00:00', 14, 5086.12, 86.12, 0.017224),
(957, '2015-07-22 00:00:00', 14, 5087.88, 87.88, 0.017576),
(958, '2015-07-23 00:00:00', 14, 5087.47, 87.47, 0.017494),
(959, '2015-07-24 00:00:00', 14, 5088.59, 88.59, 0.017718),
(960, '2015-07-27 00:00:00', 14, 5087.67, 87.67, 0.017534),
(961, '2015-07-28 00:00:00', 14, 5085.97, 85.97, 0.017194),
(962, '2015-07-29 00:00:00', 14, 5087.39, 87.39, 0.017478),
(963, '2015-07-30 00:00:00', 14, 5086.45, 86.45, 0.01729),
(964, '2015-07-31 00:00:00', 14, 5087.65, 87.65, 0.01753),
(965, '2015-08-03 00:00:00', 14, 5091.46, 91.46, 0.018292),
(966, '2015-08-04 00:00:00', 14, 5091.46, 91.46, 0.018292),
(967, '2015-08-05 00:00:00', 14, 5091.71, 91.71, 0.018342),
(968, '2015-08-06 00:00:00', 14, 5090.49, 90.49, 0.018098),
(969, '2015-08-07 00:00:00', 14, 5090.46, 90.46, 0.018092),
(970, '2015-08-10 00:00:00', 14, 5092.07, 92.07, 0.018414),
(971, '2015-08-11 00:00:00', 14, 5092.04, 92.04, 0.018408),
(972, '2015-08-12 00:00:00', 14, 5091.11, 91.11, 0.018222),
(973, '2015-08-13 00:00:00', 14, 5090.23, 90.23, 0.018046),
(974, '2015-08-14 00:00:00', 14, 5086.75, 86.75, 0.01735),
(975, '2015-08-17 00:00:00', 14, 5085.86, 85.86, 0.017172),
(976, '2015-08-18 00:00:00', 14, 5088.37, 88.37, 0.017674),
(977, '2015-08-19 00:00:00', 14, 5089.65, 89.65, 0.01793),
(978, '2015-08-20 00:00:00', 14, 5089.32, 89.32, 0.017864),
(979, '2015-08-21 00:00:00', 14, 5088, 88, 0.0176),
(980, '2015-08-24 00:00:00', 14, 5088.23, 88.23, 0.017646),
(981, '2015-08-25 00:00:00', 14, 5087.64, 87.64, 0.017528),
(982, '2015-08-26 00:00:00', 14, 5087.27, 87.27, 0.017454),
(983, '2015-08-27 00:00:00', 14, 5090.18, 90.18, 0.018036),
(984, '2015-08-28 00:00:00', 14, 5096.64, 96.64, 0.019328),
(985, '2015-08-31 00:00:00', 14, 5096.64, 96.64, 0.019328),
(986, '2015-09-01 00:00:00', 14, 5098.84, 98.84, 0.019768),
(987, '2015-09-02 00:00:00', 14, 5097.44, 97.44, 0.019488),
(988, '2015-09-03 00:00:00', 14, 5097.57, 97.57, 0.019514),
(989, '2015-09-04 00:00:00', 14, 5098.48, 98.48, 0.019696),
(990, '2015-09-07 00:00:00', 14, 5098.25, 98.25, 0.01965),
(991, '2015-09-08 00:00:00', 14, 5098.43, 98.43, 0.019686),
(992, '2015-09-09 00:00:00', 14, 5098.97, 98.97, 0.019794),
(993, '2015-09-10 00:00:00', 14, 5099.38, 99.38, 0.019876),
(994, '2015-09-11 00:00:00', 14, 5100.15, 100.15, 0.02003),
(995, '2015-09-14 00:00:00', 14, 5101.52, 101.52, 0.020304),
(996, '2015-09-15 00:00:00', 14, 5101.36, 101.36, 0.020272),
(997, '2015-09-16 00:00:00', 14, 5101.36, 101.36, 0.020272),
(998, '2015-09-17 00:00:00', 14, 5102.52, 102.52, 0.020504),
(999, '2015-09-18 00:00:00', 14, 5105.19, 105.19, 0.021038),
(1000, '2015-09-21 00:00:00', 14, 5105.19, 105.19, 0.021038),
(1001, '2015-09-22 00:00:00', 14, 5105.08, 105.08, 0.021016),
(1002, '2015-09-23 00:00:00', 14, 5105.2, 105.2, 0.02104),
(1003, '2015-09-24 00:00:00', 14, 5104.84, 104.84, 0.020968),
(1004, '2015-09-25 00:00:00', 14, 5105.13, 105.13, 0.021026),
(1005, '2015-09-28 00:00:00', 14, 5104.9, 104.9, 0.02098),
(1006, '2015-09-29 00:00:00', 14, 5104.75, 104.75, 0.02095),
(1007, '2015-09-30 00:00:00', 14, 5105.99, 105.99, 0.021198),
(1008, '2015-10-01 00:00:00', 14, 5106.74, 106.74, 0.021348),
(1009, '2015-10-02 00:00:00', 14, 5107.05, 107.05, 0.02141),
(1010, '2015-10-05 00:00:00', 14, 5107.83, 107.83, 0.021566),
(1011, '2014-12-12 00:00:00', 15, 19289.89, 1.7799999999988, 0.000092284832469269),
(1012, '2014-12-15 00:00:00', 15, 19285.95, -2.1599999999999, -0.00011198608883918),
(1013, '2014-12-17 00:00:00', 15, 19267.75, -20.360000000001, -0.0010555725781324),
(1014, '2014-12-18 00:00:00', 15, 19420.7, 132.59, 0.0068741831107351),
(1015, '2014-12-19 00:00:00', 15, 19294.26, 6.1499999999978, 0.00031884928072257),
(1016, '2014-12-20 00:00:00', 15, 19294.26, 6.1499999999978, 0.00031884928072257),
(1017, '2014-12-21 00:00:00', 15, 19294.26, 6.1499999999978, 0.00031884928072257),
(1018, '2014-12-22 00:00:00', 15, 19294.26, 6.1499999999978, 0.00031884928072257),
(1019, '2014-12-23 00:00:00', 15, 19322.82, 34.709999999999, 0.0017995542331519),
(1020, '2014-12-24 00:00:00', 15, 19322.82, 34.709999999999, 0.0017995542331519),
(1021, '2014-12-25 00:00:00', 15, 19322.82, 34.709999999999, 0.0017995542331519),
(1022, '2014-12-26 00:00:00', 15, 19325.99, 37.880000000001, 0.0019639041876058),
(1023, '2014-12-29 00:00:00', 15, 19339.32, 51.209999999999, 0.0026550035228957),
(1024, '2014-12-30 00:00:00', 15, 19334.82, 46.709999999999, 0.0024216991711474),
(1025, '2014-12-31 00:00:00', 15, 19339.37, 51.259999999998, 0.0026575957934706),
(1026, '2015-01-02 00:00:00', 15, 19337.54, 49.43, 0.0025627186904264),
(1027, '2015-01-05 00:00:00', 15, 19348.23, 60.119999999999, 0.0031169461393573),
(1028, '2015-01-06 00:00:00', 15, 19345.48, 57.369999999999, 0.0029743712577333),
(1029, '2015-01-07 00:00:00', 15, 19340.67, 52.559999999998, 0.0027249948284201),
(1030, '2015-01-08 00:00:00', 15, 19353.91, 65.799999999999, 0.0034114280766752),
(1031, '2015-01-09 00:00:00', 15, 19367.62, 79.509999999998, 0.004122228668335),
(1032, '2015-01-12 00:00:00', 15, 19373.37, 85.259999999998, 0.0044203397844578),
(1033, '2015-01-13 00:00:00', 15, 19378.94, 90.829999999998, 0.0047091187265107),
(1034, '2015-01-14 00:00:00', 15, 19376.6, 88.489999999998, 0.0045878004636016),
(1035, '2015-01-15 00:00:00', 15, 19386.92, 98.809999999998, 0.0051228451102777),
(1036, '2015-01-16 00:00:00', 15, 19394.94, 106.83, 0.0055386453105047),
(1037, '2015-01-19 00:00:00', 15, 19412.76, 124.65, 0.0064625305434279),
(1038, '2015-01-20 00:00:00', 15, 19414.71, 126.6, 0.0065636290958522),
(1039, '2015-01-21 00:00:00', 15, 19418.53, 130.42, 0.0067616785677808),
(1040, '2015-01-22 00:00:00', 15, 19421.4, 133.29, 0.0069104748987848),
(1041, '2015-01-23 00:00:00', 15, 19412.79, 124.68, 0.0064640859057731),
(1042, '2015-01-26 00:00:00', 15, 19430.49, 142.38, 0.0073817496893164),
(1043, '2015-01-27 00:00:00', 15, 19423.49, 135.38, 0.0070188318088191),
(1044, '2015-01-28 00:00:00', 15, 19444.62, 156.51, 0.008114325353806),
(1045, '2015-01-29 00:00:00', 15, 19460.05, 171.94, 0.0089143000532452),
(1046, '2015-01-30 00:00:00', 15, 19455.93, 167.82, 0.0087006969578668),
(1047, '2015-02-03 00:00:00', 15, 19445.66, 157.55, 0.0081682445817656),
(1048, '2015-02-04 00:00:00', 15, 19418.5, 130.39, 0.0067601232054359),
(1049, '2015-02-05 00:00:00', 15, 19417.2, 129.09, 0.0066927241704864),
(1050, '2015-02-06 00:00:00', 15, 19419.26, 131.15, 0.0067995257181755),
(1051, '2015-02-09 00:00:00', 15, 19393.51, 105.4, 0.0054645063720602),
(1052, '2015-02-10 00:00:00', 15, 19385.98, 97.869999999999, 0.0050741104234681),
(1053, '2015-02-11 00:00:00', 15, 19373.22, 85.110000000001, 0.004412562972733),
(1054, '2015-02-12 00:00:00', 15, 19386.93, 98.82, 0.0051233635643928),
(1055, '2015-02-13 00:00:00', 15, 19410.74, 122.63, 0.0063578028121989),
(1056, '2015-02-18 00:00:00', 15, 19399.15, 111.04, 0.0057569144929182),
(1057, '2015-02-19 00:00:00', 15, 19412.58, 124.47, 0.0064531983693582),
(1058, '2015-02-20 00:00:00', 15, 19406.64, 118.53, 0.0061452366250503),
(1059, '2015-02-23 00:00:00', 15, 19414.29, 126.18, 0.0065418540230225),
(1060, '2015-02-24 00:00:00', 15, 19424.53, 136.42, 0.0070727510367785),
(1061, '2015-02-25 00:00:00', 15, 19432.04, 143.93, 0.0074621100771408),
(1062, '2015-02-26 00:00:00', 15, 19440.42, 152.31, 0.0078965746255075),
(1063, '2015-02-27 00:00:00', 15, 19434.35, 146.24, 0.0075818729777048),
(1064, '2015-03-02 00:00:00', 15, 19437.3, 149.19, 0.0077348169416287),
(1065, '2015-03-03 00:00:00', 15, 19423.63, 135.52, 0.007026090166429),
(1066, '2015-03-04 00:00:00', 15, 19410.14, 122.03, 0.006326695565299),
(1067, '2015-03-05 00:00:00', 15, 19407.32, 119.21, 0.0061804915048701),
(1068, '2015-03-06 00:00:00', 15, 19402.79, 114.68, 0.0059456317907768),
(1069, '2015-03-09 00:00:00', 15, 19378.99, 90.880000000001, 0.0047117109970858),
(1070, '2015-03-10 00:00:00', 15, 19368.3, 80.189999999999, 0.0041574835481547),
(1071, '2015-03-11 00:00:00', 15, 19371.91, 83.799999999999, 0.0043446454836684),
(1072, '2015-03-12 00:00:00', 15, 19393.93, 105.82, 0.0054862814448901),
(1073, '2015-03-13 00:00:00', 15, 19385.44, 97.329999999998, 0.0050461139012582),
(1074, '2015-03-17 00:00:00', 15, 19376.45, 88.34, 0.0045800236518767),
(1075, '2015-03-18 00:00:00', 15, 19393.15, 105.04, 0.0054458420239205),
(1076, '2015-03-19 00:00:00', 15, 19428.76, 140.65, 0.0072920571274219),
(1077, '2015-03-20 00:00:00', 15, 19422.2, 134.09, 0.0069519512279845),
(1078, '2015-03-23 00:00:00', 15, 19451.94, 163.83, 0.0084938337659832),
(1079, '2015-03-24 00:00:00', 15, 19464.19, 176.08, 0.0091289400568536),
(1080, '2015-03-25 00:00:00', 15, 19459.32, 171.21, 0.0088764529028505),
(1081, '2015-03-26 00:00:00', 15, 19453.33, 165.22, 0.0085658988879678),
(1082, '2015-03-27 00:00:00', 15, 19441.7, 153.59, 0.0079629367522272),
(1083, '2015-03-30 00:00:00', 15, 19441.18, 153.07, 0.0079359771382473),
(1084, '2015-03-31 00:00:00', 15, 19436.58, 148.47, 0.0076974882453491),
(1085, '2015-04-01 00:00:00', 15, 19440.63, 152.52, 0.0079074621619226),
(1086, '2015-04-02 00:00:00', 15, 19452.94, 164.83, 0.0085456791774828),
(1087, '2015-04-08 00:00:00', 15, 19486.79, 198.68, 0.010300646356745),
(1088, '2015-04-09 00:00:00', 15, 19489.35, 201.24, 0.010433370610184),
(1089, '2015-04-10 00:00:00', 15, 19495, 206.89, 0.010726297185157),
(1090, '2015-04-13 00:00:00', 15, 19494.59, 206.48, 0.010705040566442),
(1091, '2015-04-14 00:00:00', 15, 19500.51, 212.4, 0.01101196540252),
(1092, '2015-04-15 00:00:00', 15, 19504.84, 216.73, 0.011236456034313),
(1093, '2015-04-16 00:00:00', 15, 19512.42, 224.31, 0.01162944425348),
(1094, '2015-04-17 00:00:00', 15, 19517.34, 229.23, 0.011884523678059),
(1095, '2015-04-20 00:00:00', 15, 19516.25, 228.14, 0.011828012179524),
(1096, '2015-04-21 00:00:00', 15, 19512.17, 224.06, 0.011616482900605),
(1097, '2015-04-22 00:00:00', 15, 19511.05, 222.94, 0.011558416039726),
(1098, '2015-04-23 00:00:00', 15, 19521.41, 233.3, 0.012095534502862),
(1099, '2015-04-24 00:00:00', 15, 19517.41, 229.3, 0.011888152856864),
(1100, '2015-04-27 00:00:00', 15, 19523.55, 235.44, 0.012206483683471),
(1101, '2015-04-28 00:00:00', 15, 19524.84, 236.73, 0.012273364264306),
(1102, '2015-04-29 00:00:00', 15, 19523.1, 234.99, 0.012183153248296),
(1103, '2015-04-30 00:00:00', 15, 19526.72, 238.61, 0.012370833637925),
(1104, '2015-05-04 00:00:00', 15, 19533.62, 245.51, 0.012728566977272),
(1105, '2015-05-05 00:00:00', 15, 19522.43, 234.32, 0.012148416822592),
(1106, '2015-05-06 00:00:00', 15, 19508.51, 220.4, 0.011426728694517),
(1107, '2015-05-07 00:00:00', 15, 19503.87, 215.76, 0.011186165985159);
INSERT INTO `resultados` (`idresultados`, `fecha`, `portafolios`, `valor`, `profit`, `rendimiento`) VALUES
(1108, '2015-05-08 00:00:00', 15, 19515.48, 227.37, 0.011788091212669),
(1109, '2015-05-11 00:00:00', 15, 19536.67, 248.56, 0.012886695482346),
(1110, '2015-05-12 00:00:00', 15, 19530.55, 242.44, 0.012569401563969),
(1111, '2015-05-13 00:00:00', 15, 19530.78, 242.67, 0.012581326008614),
(1112, '2015-05-14 00:00:00', 15, 19533.15, 245.04, 0.012704199633868),
(1113, '2015-05-15 00:00:00', 15, 19544.1, 255.99, 0.013271906889788),
(1114, '2015-05-18 00:00:00', 15, 19567.02, 278.91, 0.01446020372136),
(1115, '2015-05-19 00:00:00', 15, 19563.61, 275.5, 0.014283410868146),
(1116, '2015-05-20 00:00:00', 15, 19560.76, 272.65, 0.014135651445372),
(1117, '2015-05-21 00:00:00', 15, 19571.62, 283.51, 0.014698692614258),
(1118, '2015-05-22 00:00:00', 15, 19567.89, 279.78, 0.014505309229365),
(1119, '2015-05-25 00:00:00', 15, 19563.1, 274.99, 0.014256969708281),
(1120, '2015-05-26 00:00:00', 15, 19566.35, 278.24, 0.014425467295655),
(1121, '2015-05-27 00:00:00', 15, 19579.32, 291.21, 0.015097902282805),
(1122, '2015-05-28 00:00:00', 15, 19585.67, 297.56, 0.015427120645828),
(1123, '2015-05-29 00:00:00', 15, 19599.98, 311.87, 0.016169028484387),
(1124, '2015-06-01 00:00:00', 15, 19591.33, 303.22, 0.015720565674916),
(1125, '2015-06-02 00:00:00', 15, 19574.19, 286.08, 0.014831935321812),
(1126, '2015-06-03 00:00:00', 15, 19573.46, 285.35, 0.014794088171417),
(1127, '2015-06-04 00:00:00', 15, 19574.06, 285.95, 0.014825195418317),
(1128, '2015-06-05 00:00:00', 15, 19582.86, 294.75, 0.015281435039514),
(1129, '2015-06-08 00:00:00', 15, 19564.83, 276.72, 0.014346662270176),
(1130, '2015-06-09 00:00:00', 15, 19567.83, 279.72, 0.014502198504675),
(1131, '2015-06-10 00:00:00', 15, 19579.3, 291.19, 0.015096865374575),
(1132, '2015-06-11 00:00:00', 15, 19580.59, 292.48, 0.01516374595541),
(1133, '2015-06-12 00:00:00', 15, 19589.92, 301.81, 0.015647463644701),
(1134, '2015-06-15 00:00:00', 15, 19590.12, 302.01, 0.015657832727001),
(1135, '2015-06-16 00:00:00', 15, 19585.39, 297.28, 0.015412603930608),
(1136, '2015-06-17 00:00:00', 15, 19586.87, 298.76, 0.015489335139627),
(1137, '2015-06-18 00:00:00', 15, 19731.7, 443.59, 0.022998106087118),
(1138, '2015-06-19 00:00:00', 15, 19585.53, 297.42, 0.015419862288218),
(1139, '2015-06-22 00:00:00', 15, 19594.89, 306.78, 0.015905135339854),
(1140, '2015-06-23 00:00:00', 15, 19596.1, 307.99, 0.015967868287769),
(1141, '2015-06-24 00:00:00', 15, 19598.4, 310.29, 0.016087112734218),
(1142, '2015-06-25 00:00:00', 15, 19613.69, 325.58, 0.016879829076047),
(1143, '2015-06-29 00:00:00', 15, 19613.8, 325.69, 0.016885532071312),
(1144, '2015-06-30 00:00:00', 15, 19623.44, 335.33, 0.017385321838169),
(1145, '2015-07-01 00:00:00', 15, 19627.11, 339, 0.017575594498372),
(1146, '2015-07-02 00:00:00', 15, 19618.96, 330.85, 0.01715305439465),
(1147, '2015-07-03 00:00:00', 15, 19628.56, 340.45, 0.017650770345047),
(1148, '2015-07-06 00:00:00', 15, 19640.36, 352.25, 0.018262546200742),
(1149, '2015-07-07 00:00:00', 15, 19641.36, 353.25, 0.018314391612242),
(1150, '2015-07-08 00:00:00', 15, 19646.05, 357.94, 0.018557546592175),
(1151, '2015-07-09 00:00:00', 15, 19644.51, 356.4, 0.018477704658466),
(1152, '2015-07-10 00:00:00', 15, 19639.02, 350.91, 0.018193073349333),
(1153, '2015-07-14 00:00:00', 15, 19640.02, 351.91, 0.018244918760832),
(1154, '2015-07-15 00:00:00', 15, 19649.52, 361.41, 0.018737450170079),
(1155, '2015-07-16 00:00:00', 15, 19654.78, 366.67, 0.019010157034567),
(1156, '2015-07-17 00:00:00', 15, 19650.95, 362.84, 0.018811589108523),
(1157, '2015-07-20 00:00:00', 15, 19652.07, 363.96, 0.018869655969403),
(1158, '2015-07-21 00:00:00', 15, 19652.33, 364.22, 0.018883135776393),
(1159, '2015-07-22 00:00:00', 15, 19657.32, 369.21, 0.019141844379776),
(1160, '2015-07-23 00:00:00', 15, 19654.78, 366.67, 0.019010157034567),
(1161, '2015-07-24 00:00:00', 15, 19661.05, 372.94, 0.019335227764669),
(1162, '2015-07-27 00:00:00', 15, 19658.52, 370.41, 0.019204058873575),
(1163, '2015-07-28 00:00:00', 15, 19656.82, 368.71, 0.019115921674026),
(1164, '2015-07-29 00:00:00', 15, 19657.4, 369.29, 0.019145992012696),
(1165, '2015-07-30 00:00:00', 15, 19653.8, 365.69, 0.018959348531297),
(1166, '2015-07-31 00:00:00', 15, 19654.25, 366.14, 0.018982678966472),
(1167, '2015-08-03 00:00:00', 15, 19665.62, 377.51, 0.019572161295223),
(1168, '2015-08-04 00:00:00', 15, 19667.73, 379.62, 0.019681555113487),
(1169, '2015-08-05 00:00:00', 15, 19659.12, 371.01, 0.019235166120475),
(1170, '2015-08-06 00:00:00', 15, 19648.71, 360.6, 0.018695455386764),
(1171, '2015-08-07 00:00:00', 15, 19647.18, 359.07, 0.01861613190717),
(1172, '2015-08-10 00:00:00', 15, 19657.69, 369.58, 0.019161027182031),
(1173, '2015-08-11 00:00:00', 15, 19653.56, 365.45, 0.018946905632537),
(1174, '2015-08-12 00:00:00', 15, 19656.85, 368.74, 0.019117477036371),
(1175, '2015-08-13 00:00:00', 15, 19664.53, 376.42, 0.019515649796688),
(1176, '2015-08-14 00:00:00', 15, 19650.98, 362.87, 0.018813144470868),
(1177, '2015-08-17 00:00:00', 15, 19652.83, 364.72, 0.018909058482143),
(1178, '2015-08-18 00:00:00', 15, 19661.78, 373.67, 0.019373074915064),
(1179, '2015-08-19 00:00:00', 15, 19663.32, 375.21, 0.019452916848774),
(1180, '2015-08-20 00:00:00', 15, 19664.25, 376.14, 0.019501133081468),
(1181, '2015-08-21 00:00:00', 15, 19663.5, 375.39, 0.019462249022844),
(1182, '2015-08-24 00:00:00', 15, 19667.28, 379.17, 0.019658224678312),
(1183, '2015-08-25 00:00:00', 15, 19662.27, 374.16, 0.019398479166699),
(1184, '2015-08-26 00:00:00', 15, 19661.38, 373.27, 0.019352336750464),
(1185, '2015-08-27 00:00:00', 15, 19666.69, 378.58, 0.019627635885527),
(1186, '2015-08-28 00:00:00', 15, 19689.98, 401.87, 0.020835115519354),
(1187, '2015-08-31 15:00:00', 15, 19689.98, 401.87, 0.020835115519354),
(1188, '2015-09-01 00:00:00', 15, 19697.28, 409.17, 0.021213587023301),
(1189, '2015-09-02 00:00:00', 15, 19696.44, 408.33, 0.021170036877641),
(1190, '2015-09-03 00:00:00', 15, 19704.53, 416.42, 0.021589466256673),
(1191, '2015-09-04 00:00:00', 15, 19714.23, 426.12, 0.022092366748219),
(1192, '2015-09-07 00:00:00', 15, 19721.77, 433.66, 0.022483281150927),
(1193, '2015-09-08 00:00:00', 15, 19728.9, 440.79, 0.022852938934919),
(1194, '2015-09-09 00:00:00', 15, 19734.21, 446.1, 0.023128238069982),
(1195, '2015-09-10 00:00:00', 15, 19741.75, 453.64, 0.023519152472689),
(1196, '2015-09-11 00:00:00', 15, 19738.91, 450.8, 0.02337191150403),
(1197, '2015-09-14 00:00:00', 15, 19743.92, 455.81, 0.023631657015643),
(1198, '2015-09-15 00:00:00', 15, 19746.48, 458.37, 0.023764381269082),
(1199, '2015-09-16 00:00:00', 15, 19747.48, 459.37, 0.023816226680582),
(1200, '2015-09-17 00:00:00', 15, 19753.3, 465.19, 0.02411796697551),
(1201, '2015-09-18 00:00:00', 15, 19778.81, 490.7, 0.025440543422865),
(1202, '2015-09-21 00:00:00', 15, 19779.8, 491.69, 0.02549187038025),
(1203, '2015-09-22 00:00:00', 15, 19777.48, 489.37, 0.025371589025571),
(1204, '2015-09-23 00:00:00', 15, 19783.87, 495.76, 0.025702881205053),
(1205, '2015-09-24 00:00:00', 15, 19787.67, 499.56, 0.025899893768752),
(1206, '2015-09-25 00:00:00', 15, 19791.14, 503.03, 0.026079797346655),
(1207, '2015-09-28 00:00:00', 15, 19785.78, 497.67, 0.025801905941017),
(1208, '2015-09-29 00:00:00', 15, 19788.53, 500.42, 0.025944480822641),
(1209, '2015-09-30 00:00:00', 15, 19789.22, 501.11, 0.025980254156576),
(1210, '2015-10-01 00:00:00', 15, 19796.17, 508.06, 0.026340579766499),
(1211, '2015-10-02 00:00:00', 15, 19792.47, 504.36, 0.02614875174395),
(1212, '2015-10-05 00:00:00', 15, 19795.73, 507.62, 0.026317767785439),
(1213, '2015-10-06 18:20:39', 12, 19411.79, 163.63, 0.0085010723102884),
(1214, '2015-10-06 18:21:14', 6, 5160.42, 124.42, 0.024706115965052),
(1215, '2015-10-06 18:23:14', 14, 5108.71, 108.71, 0.021742),
(1216, '2015-10-06 18:23:39', 15, 19799.09, 510.98, 0.026491968368078),
(1217, '2015-10-07 16:09:17', 12, 19650.94, 402.78, 0.020925636528375),
(1218, '2015-10-07 16:09:47', 15, 19806.19, 518.08, 0.026860070789725),
(1219, '2015-10-07 16:11:00', 6, 5162.17, 126.17, 0.025053613979349),
(1220, '2015-10-07 16:11:23', 14, 5110.44, 110.44, 0.022088),
(1221, '2015-10-08 16:45:05', 12, 19850.45, 602.29, 0.03129078311901),
(1222, '2015-10-08 16:45:48', 6, 5162.92, 126.92, 0.025202541699762),
(1223, '2015-10-08 16:47:29', 14, 5111.19, 111.19, 0.022238),
(1224, '2015-10-08 16:47:48', 15, 19815.57, 527.46, 0.027346380749591),
(1225, '2015-10-09 11:56:55', 12, 20016.85, 768.69, 0.039935765288734),
(1226, '2015-10-09 11:58:50', 15, 19812.19, 524.08, 0.027171143258723),
(1227, '2015-10-09 11:59:16', 6, 5164.45, 128.45, 0.025506354249404),
(1228, '2015-10-09 11:59:39', 14, 5112.7, 112.7, 0.02254),
(1229, '2015-10-09 16:25:28', 12, 19994.67, 746.51, 0.03878344735289),
(1230, '2015-10-12 16:06:43', 12, 19988.7, 740.54, 0.038473287836344),
(1231, '2015-10-12 16:07:41', 6, 5165.81, 129.81, 0.025776409849087),
(1232, '2015-10-12 16:08:56', 14, 5114.05, 114.05, 0.02281),
(1233, '2015-10-12 16:09:10', 15, 19812.71, 524.6, 0.027198102872702),
(1234, '2015-10-13 16:09:44', 12, 20053.86, 805.7, 0.041858546479248),
(1235, '2015-10-13 16:11:00', 6, 5165.37, 129.37, 0.025689038919778),
(1236, '2015-10-13 16:13:05', 14, 5113.61, 113.61, 0.022722),
(1237, '2015-10-13 16:14:40', 15, 19812.69, 524.58, 0.027197065964472),
(1238, '2015-10-14 16:11:11', 12, 20077.74, 829.58, 0.043099184545432),
(1239, '2015-10-14 16:12:07', 15, 19815.45, 527.34, 0.027340159300211),
(1240, '2015-10-14 16:13:17', 6, 5166.05, 130.05, 0.025824066719619),
(1241, '2015-10-14 16:13:35', 14, 5114.28, 114.28, 0.022856),
(1242, '2015-10-15 16:17:59', 12, 20105.8, 857.64, 0.044556986226216),
(1243, '2015-10-15 16:18:10', 15, 19821.74, 533.63, 0.027666266938544),
(1244, '2015-10-15 16:19:58', 6, 5165.95, 129.95, 0.02580420969023),
(1245, '2015-10-15 16:20:14', 14, 5114.18, 114.18, 0.022836),
(1246, '2015-10-16 19:34:25', 15, 19832.31, 544.2, 0.028214272938095),
(1247, '2015-10-16 19:35:08', 6, 5166.95, 130.95, 0.026002779984114),
(1248, '2015-10-16 19:35:25', 14, 5115.18, 115.18, 0.023036),
(1249, '2015-10-16 19:35:36', 12, 20211.7, 963.54, 0.050058810816203),
(1250, '2015-10-26 15:51:19', 12, 20336.74, 1088.58, 0.056555016167779),
(1251, '2015-10-26 15:52:05', 15, 19859.59, 571.48, 0.029628615763805),
(1252, '2015-10-26 15:53:52', 6, 5171.46, 135.46, 0.026898332009531),
(1253, '2015-10-26 15:54:15', 14, 5119.64, 119.64, 0.023928),
(1254, '2015-10-27 15:54:44', 15, 19861.55, 573.44, 0.029730232770344),
(1255, '2015-10-27 15:57:48', 6, 5171.45, 135.45, 0.026896346306592),
(1256, '2015-10-27 15:57:58', 14, 5119.63, 119.63, 0.023926),
(1257, '2015-10-27 15:58:09', 12, 20172.12, 923.96, 0.048002510369822),
(1258, '2015-10-28 17:36:08', 12, 20469.34, 1221.18, 0.063443986334278),
(1259, '2015-10-28 17:37:37', 15, 19864.11, 576, 0.029862957023783),
(1260, '2015-10-28 17:40:20', 6, 5171.46, 135.46, 0.026898332009531),
(1261, '2015-10-28 17:40:35', 14, 5119.64, 119.64, 0.023928),
(1262, '2015-10-30 15:13:58', 12, 19453.99, 205.83, 0.010693489663428),
(1263, '2015-10-30 15:14:47', 15, 19854.44, 566.33, 0.029361611894582),
(1264, '2015-10-30 15:15:50', 6, 5170.72, 134.72, 0.026751389992057),
(1265, '2015-10-30 15:16:09', 14, 5118.91, 118.91, 0.023782),
(1266, '2015-11-03 16:05:43', 12, 19569.33, 321.17, 0.016685750741889),
(1267, '2015-11-03 16:06:38', 15, 19862.84, 574.73, 0.029797113351178),
(1268, '2015-11-03 16:07:38', 6, 5172.42, 136.42, 0.02708895949166),
(1269, '2015-11-03 16:07:59', 14, 5120.59, 120.59, 0.024118),
(1270, '2015-11-04 15:53:51', 12, 19713.33, 465.17, 0.024166985311843),
(1271, '2015-11-04 15:54:02', 6, 5173.07, 137.07, 0.027218030182685),
(1272, '2015-11-04 15:55:13', 14, 5121.24, 121.24, 0.024248),
(1273, '2015-11-04 15:55:33', 15, 19864.71, 576.6, 0.029894064270683),
(1274, '2015-11-05 17:36:44', 12, 19623.69, 375.53, 0.019509916792047),
(1275, '2015-11-05 17:36:54', 15, 19863.05, 574.94, 0.029808000887593),
(1276, '2015-11-05 17:38:31', 6, 5172.86, 136.86, 0.027176330420969),
(1277, '2015-11-05 17:38:48', 14, 5121.02, 121.02, 0.024204),
(1278, '2015-11-06 17:12:35', 12, 19592.53, 344.37, 0.017891060755937),
(1279, '2015-11-06 17:13:19', 6, 5173.05, 137.05, 0.027214058776807),
(1280, '2015-11-06 17:14:32', 14, 5121.22, 121.22, 0.024244),
(1281, '2015-11-06 17:14:49', 15, 19723.17, 435.06, 0.022555864727026),
(1282, '2015-11-09 17:15:31', 12, 19271.65, 23.490000000002, 0.0012203763892238),
(1283, '2015-11-09 17:15:48', 15, 19841.11, 553, 0.028670512559292),
(1284, '2015-11-09 17:17:34', 6, 5171.88, 135.88, 0.026981731532963),
(1285, '2015-11-09 17:17:49', 14, 5120.06, 120.06, 0.024012),
(1286, '2015-11-10 17:48:07', 12, 19292.86, 44.700000000001, 0.0023222998977565),
(1287, '2015-11-10 17:48:44', 6, 5170.99, 134.99, 0.026805003971406),
(1288, '2015-11-10 17:49:44', 14, 5119.18, 119.18, 0.023836),
(1289, '2015-11-10 17:49:58', 15, 19838.32, 550.21, 0.028525863861208),
(1290, '2015-11-11 16:36:19', 12, 19193.93, -54.23, -0.0028174121578374),
(1291, '2015-11-11 16:36:52', 6, 5172.2, 136.2, 0.027045274027006),
(1292, '2015-11-11 16:37:42', 14, 5120.38, 120.38, 0.024076),
(1293, '2015-11-11 16:37:56', 15, 19843.44, 555.33, 0.028791312368086),
(1294, '2015-11-12 16:55:16', 12, 19137.56, -110.6, -0.0057460037738671),
(1295, '2015-11-12 16:55:32', 15, 19842.31, 554.2, 0.028732727053091),
(1296, '2015-11-12 16:57:09', 14, 5120.66, 120.66, 0.024132),
(1297, '2015-11-12 16:57:44', 6, 5172.49, 136.49, 0.027102859412232),
(1298, '2015-11-13 16:48:08', 12, 18923.9, -324.26, -0.016846285567036),
(1299, '2015-11-13 16:48:51', 15, 19846.23, 558.12, 0.02893596106617),
(1300, '2015-11-13 16:49:43', 6, 5173.12, 137.12, 0.027227958697379),
(1301, '2015-11-13 16:50:03', 14, 5121.28, 121.28, 0.024256),
(1302, '2015-11-17 18:38:18', 12, 18974.89, -273.27, -0.014197201187023),
(1303, '2015-11-17 18:38:45', 15, 19853.56, 565.45, 0.029315987932462),
(1304, '2015-11-17 18:40:28', 6, 5174.77, 138.77, 0.027555599682288),
(1305, '2015-11-17 18:40:48', 14, 5122.92, 122.92, 0.024584),
(1306, '2015-11-19 16:20:33', 12, 19867.92, 619.76, 0.032198402340795),
(1307, '2015-11-19 16:20:44', 15, 19727.16, 439.05, 0.02276272791891),
(1308, '2015-11-19 16:22:29', 6, 5175.53, 139.53, 0.027706513105639),
(1309, '2015-11-19 16:22:48', 14, 5123.67, 123.67, 0.024734),
(1310, '2015-11-20 14:06:59', 12, 19903.72, 655.56, 0.034058320379714),
(1311, '2015-11-20 14:07:20', 15, 19730.3, 442.19, 0.022925522511018),
(1312, '2015-11-20 14:11:40', 6, 5176.31, 140.31, 0.027861397934869),
(1313, '2015-11-20 14:11:56', 14, 5124.33, 124.33, 0.024866),
(1314, '2015-11-23 17:35:07', 12, 19741.17, 493.01, 0.0256133573287),
(1315, '2015-11-23 17:35:36', 6, 5177.39, 141.39, 0.028075853852264),
(1316, '2015-11-23 17:38:46', 14, 5125.51, 125.51, 0.025102),
(1317, '2015-11-23 17:39:00', 15, 19866.67, 578.56, 0.029995681277222),
(1318, '2015-11-24 16:05:37', 12, 19788.01, 539.85, 0.028046836684649),
(1319, '2015-11-24 16:06:00', 15, 19868.73, 580.62, 0.030102482824911),
(1320, '2015-11-24 16:07:03', 6, 5177.47, 141.47, 0.028091739475774),
(1321, '2015-11-24 16:07:33', 14, 5125.59, 125.59, 0.025118),
(1322, '2015-11-25 16:04:47', 12, 19660.87, 412.71, 0.021441529995594),
(1323, '2015-11-25 16:05:16', 15, 19850.04, 561.93, 0.029133492083983),
(1324, '2015-11-25 16:06:32', 6, 5176.75, 140.75, 0.027948768864178),
(1325, '2015-11-25 16:06:46', 14, 5124.88, 124.88, 0.024976),
(1326, '2015-11-26 15:56:53', 12, 19699.27, 451.11, 0.023436525880915),
(1327, '2015-11-26 15:57:18', 15, 19837.09, 548.98, 0.028462094005063),
(1328, '2015-11-26 15:59:00', 6, 5175.81, 139.81, 0.027762112787927),
(1329, '2015-11-26 15:59:15', 14, 5123.94, 123.94, 0.024788),
(1330, '2015-11-27 16:06:56', 12, 19665.76, 417.6, 0.021695580252866),
(1331, '2015-11-27 16:07:03', 15, 19836.99, 548.88, 0.028456909463913),
(1332, '2015-11-27 16:08:12', 6, 5176.2, 140.2, 0.027839555202542),
(1333, '2015-11-27 16:08:25', 14, 5124.33, 124.33, 0.024866),
(1334, '2015-11-30 15:57:02', 12, 19535.44, 287.28, 0.014925062967058),
(1335, '2015-11-30 15:59:23', 6, 5177.08, 141.08, 0.02801429706116),
(1336, '2015-11-30 16:00:42', 14, 5125.21, 125.21, 0.025042),
(1337, '2015-11-30 16:00:58', 15, 19836.51, 548.4, 0.028432023666393),
(1338, '2015-12-02 16:17:17', 12, 18608.34, -639.82, -0.033240579878804),
(1339, '2015-12-02 16:18:01', 6, 5177.75, 141.75, 0.028147339158062),
(1340, '2015-12-02 16:19:06', 14, 5125.87, 125.87, 0.025174),
(1341, '2015-12-02 16:19:19', 15, 19513.89, 225.78, 0.011705657008385),
(1342, '2015-12-03 16:25:30', 12, 18632.89, -615.27, -0.031965133290663),
(1343, '2015-12-03 16:25:38', 15, 19823.87, 535.76, 0.027776697665038),
(1344, '2015-12-03 16:27:02', 6, 5175.22, 139.22, 0.027644956314535),
(1345, '2015-12-03 16:27:17', 14, 5123.37, 123.37, 0.024674),
(1346, '2015-12-04 16:24:42', 12, 18713.17, -534.99, -0.027794345017913),
(1347, '2015-12-04 16:24:55', 15, 19816.82, 528.71, 0.027411187513966),
(1348, '2015-12-04 16:26:17', 6, 5176.08, 140.08, 0.027815726767276),
(1349, '2015-12-04 16:26:39', 14, 5124.22, 124.22, 0.024844),
(1350, '2015-12-07 16:00:38', 12, 18618.29, -629.87, -0.032723647351227),
(1351, '2015-12-07 16:06:24', 6, 5178.7, 142.7, 0.028335980937252),
(1352, '2015-12-07 16:06:40', 14, 5126.81, 126.81, 0.025362),
(1353, '2015-12-07 16:08:24', 15, 19833.46, 545.35, 0.02827389516132),
(1354, '2015-12-08 15:39:43', 12, 18803.48, -444.68, -0.02310246797616),
(1355, '2015-12-08 15:40:18', 15, 19841.15, 553.04, 0.028672586375752),
(1356, '2015-12-08 15:41:50', 6, 5178.97, 142.97, 0.028389594916601),
(1357, '2015-12-08 15:42:09', 14, 5127.08, 127.08, 0.025416),
(1358, '2015-12-09 16:32:41', 12, 19004.72, -243.44, -0.012647442664649),
(1359, '2015-12-09 16:32:50', 15, 19828.08, 539.97, 0.027994966847452),
(1360, '2015-12-09 16:35:42', 6, 5176.53, 140.53, 0.027905083399523),
(1361, '2015-12-09 16:36:05', 14, 5124.66, 124.66, 0.024932);

-- --------------------------------------------------------

--
-- Table structure for table `usuarios`
--

CREATE TABLE IF NOT EXISTS `usuarios` (
  `id_usuario` int(11) NOT NULL,
  `username` varchar(45) NOT NULL,
  `password` varchar(255) NOT NULL,
  `active` varchar(1) NOT NULL DEFAULT '0'
) ENGINE=InnoDB DEFAULT CHARSET=utf8;

--
-- Indexes for dumped tables
--

--
-- Indexes for table `operaciones`
--
ALTER TABLE `operaciones`
  ADD PRIMARY KEY (`idaportaciones`),
  ADD KEY `fk_aportacion_portafolio_idx` (`portafolios`);

--
-- Indexes for table `portafolios`
--
ALTER TABLE `portafolios`
  ADD PRIMARY KEY (`idportafolios`),
  ADD UNIQUE KEY `nombre_UNIQUE` (`nombre`),
  ADD KEY `fk_portafolios_portpadre_idx` (`portafoliospadre`);

--
-- Indexes for table `resultados`
--
ALTER TABLE `resultados`
  ADD PRIMARY KEY (`idresultados`),
  ADD UNIQUE KEY `resultadodiario` (`fecha`,`portafolios`),
  ADD KEY `fk_resultado_portafolios_idx` (`portafolios`);

--
-- Indexes for table `usuarios`
--
ALTER TABLE `usuarios`
  ADD PRIMARY KEY (`id_usuario`),
  ADD UNIQUE KEY `username` (`username`);

--
-- AUTO_INCREMENT for dumped tables
--

--
-- AUTO_INCREMENT for table `operaciones`
--
ALTER TABLE `operaciones`
  MODIFY `idaportaciones` int(11) NOT NULL AUTO_INCREMENT,AUTO_INCREMENT=176;
--
-- AUTO_INCREMENT for table `portafolios`
--
ALTER TABLE `portafolios`
  MODIFY `idportafolios` int(11) NOT NULL AUTO_INCREMENT,AUTO_INCREMENT=16;
--
-- AUTO_INCREMENT for table `resultados`
--
ALTER TABLE `resultados`
  MODIFY `idresultados` int(11) NOT NULL AUTO_INCREMENT,AUTO_INCREMENT=1362;
--
-- AUTO_INCREMENT for table `usuarios`
--
ALTER TABLE `usuarios`
  MODIFY `id_usuario` int(11) NOT NULL AUTO_INCREMENT;
--
-- Constraints for dumped tables
--

--
-- Constraints for table `operaciones`
--
ALTER TABLE `operaciones`
  ADD CONSTRAINT `fk_operacion_portafolio` FOREIGN KEY (`portafolios`) REFERENCES `portafolios` (`idportafolios`);

--
-- Constraints for table `portafolios`
--
ALTER TABLE `portafolios`
  ADD CONSTRAINT `fk_portafolios_portpadre` FOREIGN KEY (`portafoliospadre`) REFERENCES `portafolios` (`idportafolios`) ON DELETE NO ACTION ON UPDATE NO ACTION;

--
-- Constraints for table `resultados`
--
ALTER TABLE `resultados`
  ADD CONSTRAINT `fk_resultado_portafolios` FOREIGN KEY (`portafolios`) REFERENCES `portafolios` (`idportafolios`);

/*!40101 SET CHARACTER_SET_CLIENT=@OLD_CHARACTER_SET_CLIENT */;
/*!40101 SET CHARACTER_SET_RESULTS=@OLD_CHARACTER_SET_RESULTS */;
/*!40101 SET COLLATION_CONNECTION=@OLD_COLLATION_CONNECTION */;
